,mapping_rate,reads,ERCC_content,MT_content,num_genes,pass_qc,day,cell_type,batch,bgplvm_2d_0,bgplvm_2d_1,pseudotime,assignment_prob_0,assignment_prob_1,branchtime,day_int,scaled_pseudotime
1771-026-187-A4,58.3133,3896411.0,685794.140253,59413.87823840001,1189,True,0,CD4+ T cell,026-187,1.06693032015,0.398296800621,-1.1375375663898553,0.5003108774750258,0.4996891225249742,0.72,0,0.06181785811607542
1771-026-187-B4,63.5948,1879316.0,281506.607105,78675.27681950001,2628,True,0,CD4+ T cell,026-187,-0.422200980168,1.07757298783,1.7106932036553888,0.7565997496986859,0.2434002503013141,0.72,0,0.8407493845796402
1771-026-187-B9,66.6844,3033191.0,703131.95103,64653.0789279,1119,True,0,CD4+ T cell,026-187,1.16741050889,0.5686297936460001,-1.1511856702821184,0.5013556486510896,0.4986443513489104,0.72,0,0.058085387239790016
1771-026-187-C11,64.1202,5069762.0,664498.9781770001,68749.863388,1156,True,0,CD4+ T cell,026-187,1.21811425682,0.627905942086,-1.1504846507852686,0.501796021667546,0.498203978332454,0.72,0,0.05827710140582763
1771-026-187-D10,74.9924,4732249.0,699369.3712180001,65849.52084580001,943,True,0,CD4+ T cell,026-187,1.19159527373,0.220917622247,-1.0320443508054304,0.5017573688525916,0.4982426311474084,0.72,0,0.0906680455064113
1771-026-187-D9,52.2585,4878070.0,747463.901986,105278.87970599999,898,True,0,CD4+ T cell,026-187,1.5014912507799998,0.351352498394,-0.9884083188602328,0.4995310492602978,0.5004689507397022,0.72,0,0.10260158731396143
1771-026-187-E6,69.9208,3324522.0,489581.61714,33484.509412700005,1728,True,0,CD4+ T cell,026-187,0.49783239576300004,0.8672187216159999,-1.334500534447515,0.5121668828741699,0.4878331171258301,0.72,0,0.007952607105002993
1771-026-187-F5,69.4331,3788849.0,697682.176844,103576.041047,1096,True,0,CD4+ T cell,026-187,1.1606197550700001,0.520900251544,-1.1419366739769206,0.5009870168467395,0.4990129831532605,0.72,0,0.06061479422676291
1771-026-187-F9,67.3103,3062853.0,637335.4154,132345.79636900002,1244,True,0,CD4+ T cell,026-187,0.9980918683299999,0.583781384104,-1.1983193197301023,0.5016610042813718,0.4983389957186282,0.72,0,0.04519532022048965
1771-026-187-G1,34.3492,4346273.0,635036.5687109999,99055.793766,1309,True,0,CD4+ T cell,026-187,1.01986204783,0.822335975098,-1.227747952022368,0.5065293080047024,0.4934706919952975,0.72,0,0.037147204978484415
1771-026-187-G12,62.0582,3988194.0,335118.5102,49241.4745149,2469,True,0,CD4+ T cell,026-187,-0.324545017113,1.11712462902,1.7543899597468664,0.7701288334021859,0.2298711665978141,0.72,0,0.8526995331707601
1771-026-187-G3,78.0118,2320678.0,683700.0401,26453.673532099998,1202,True,0,CD4+ T cell,026-187,1.06058828123,0.900809023969,-1.2280443863713717,0.5081779265655285,0.4918220734344715,0.72,0,0.03706613638587103
1771-026-187-G5,65.2906,3794215.0,593950.7999,14941.6655807,1574,True,0,CD4+ T cell,026-187,0.931189485188,0.652225928698,-1.2259519894631596,0.502975310509088,0.4970246894909121,0.72,0,0.03763836316427051
1771-026-187-G9,55.7448,3118288.0,768093.333,173899.878784,1134,True,0,CD4+ T cell,026-187,1.3364473144,0.457370400424,-1.0737648537193478,0.5004276142335916,0.4995723857664085,0.72,0,0.07925836081325385
1771-026-187-H1,49.82899999999999,2778373.0,646519.95315,63025.4332793,1361,True,0,CD4+ T cell,026-187,1.07512202071,0.781515046171,-1.2105546750110376,0.5051472039815506,0.4948527960184495,0.72,0,0.04184920653263999
1771-026-187-H7,73.2487,3048666.0,560430.1465,26946.2406047,1666,True,0,CD4+ T cell,026-187,0.5694548972300001,0.920106239461,-1.322964819101022,0.5136647232269941,0.486335276773006,0.72,0,0.01110738390827102
1771-026-190-A2,80.6488,4211333.0,870274.750868,77140.3254927,767,True,2,CD4+ T cell,026-190,1.52797381564,-0.0260405808895,-0.8112753948824275,0.4996364123687602,0.5003635876312397,0.72,1,0.1510437361426516
1771-026-190-A4,85.3857,3476317.0,656533.520082,70454.78791239999,981,True,2,CD4+ T cell,026-190,0.9379808708759999,-1.44647233349,-0.21786122799258867,0.5044921260338117,0.4955078739661883,0.72,1,0.3133300956967492
1771-026-190-A6,71.6388,3462600.0,766819.97283,24441.6651143,888,True,2,CD4+ T cell,026-190,1.18290417851,-1.37857995434,-0.2924735371652488,0.4985503297604576,0.5014496702395425,0.72,1,0.29292519013640783
1771-026-190-A7,76.4715,3306445.0,700915.822085,12178.829081200001,927,True,2,CD4+ T cell,026-190,0.975429469492,-1.6930847099000002,-0.18356067876837606,0.4881790704322516,0.5118209295677484,0.72,1,0.32271057829203065
1771-026-190-A9,86.6002,2347693.0,206058.467672,22452.5675305,2445,True,2,CD4+ T cell,026-190,-1.3607973433899998,-0.5429103412399999,0.8179103321278244,0.5552461029667587,0.4447538970332412,0.72,1,0.5965919475372605
1771-026-190-B1,75.6002,4838795.0,727724.176829,77359.82606869999,730,True,2,CD4+ T cell,026-190,1.4034650713699999,-0.310206535984,-0.6907245840125131,0.499916404534714,0.500083595465286,0.72,1,0.18401186081670365
1771-026-190-B11,68.2906,3064294.0,293321.178343,55269.9827161,2231,True,2,CD4+ T cell,026-190,-0.795662901664,-1.3111008155700001,0.40594069636110375,0.604485592235078,0.3955144077649221,0.72,1,0.4839268711609832
1771-026-190-B12,58.3735,4241589.0,793489.792192,63496.269249000004,838,True,2,CD4+ T cell,026-190,1.3810793637,-0.741200484627,-0.515346091561403,0.5011117513705658,0.4988882486294343,0.72,1,0.23197420932811025
1771-026-190-B2,70.1567,3958836.0,768428.8922,14155.6593546,769,True,2,CD4+ T cell,026-190,1.40854929959,-0.9784086104180001,-0.4422641550922703,0.500937923979246,0.499062076020754,0.72,1,0.2519605899716669
1771-026-190-B6,69.3443,4100696.0,750590.4515689998,50197.7071791,975,True,2,CD4+ T cell,026-190,1.24275244474,-0.14652457904400001,-0.7760108439043994,0.5005527284185393,0.4994472715814608,0.72,1,0.16068785304927824
1771-026-190-B7,85.1109,4148548.0,492165.35883999994,82589.3806585,1213,True,2,CD4+ T cell,026-190,0.482114467064,-0.132336561471,-0.9803388652730112,0.5064058837525403,0.4935941162474598,0.72,1,0.10480841404532268
1771-026-190-C11,64.4025,3015691.0,413858.87776199996,45532.0569966,1703,True,2,CD4+ T cell,026-190,-0.17250782246100002,-1.94570076523,0.16241667897092385,0.4812263914182672,0.5187736085817327,0.72,1,0.41732814728255974
1771-026-190-C2,89.6412,4826555.0,544599.494141,907.301895808,985,True,2,CD4+ T cell,026-190,0.463060324472,-1.6078688945200001,-0.05181156787629574,0.5196046075456158,0.4803953924543843,0.72,1,0.35874120373736823
1771-026-190-C5,88.7242,4087538.0,496884.016522,13690.2034838,1305,True,2,CD4+ T cell,026-190,0.10582112942199999,-1.98198453324,0.08288855909035535,0.475428271560276,0.524571728439724,0.72,1,0.39557887033953854
1771-026-190-C6,75.2281,3954796.0,424596.683427,32141.6193452,1661,True,2,CD4+ T cell,026-190,-0.141240576023,-1.7253697131999999,0.15230827051313595,0.5288823729495626,0.4711176270504374,0.72,1,0.4145637090520098
1771-026-190-C8,55.9011,4001204.0,677391.374087,72803.47539510003,992,True,2,CD4+ T cell,026-190,1.08035029176,-0.6064809187169999,-0.5238026285228645,0.5015719069698698,0.4984280930301302,0.72,1,0.2296615233922434
1771-026-190-C9,88.6575,3712783.0,773441.06792,6342.07752712,623,True,2,CD4+ T cell,026-190,1.26624572965,-0.901561172028,-0.44118554744514815,0.5026312487743511,0.4973687512256491,0.72,1,0.25225556659710896
1771-026-190-D1,59.6279,4639784.0,713205.97566,50434.5401324,978,True,2,CD4+ T cell,026-190,1.23649969111,-0.730225174173,-0.4974105965202194,0.5018756198420662,0.4981243801579338,0.72,1,0.23687919198514648
1771-026-190-D10,71.9286,2680255.0,570689.015807,82620.7387464,1000,True,2,CD4+ T cell,026-190,0.964787982074,-0.363552731337,-0.6455962792773178,0.4993735936390892,0.5006264063609107,0.72,1,0.1963535080117939
1771-026-190-D11,61.4673,3670446.0,672638.524783,52003.1242685,1021,True,2,CD4+ T cell,026-190,1.0326474324700001,-0.07850340594619999,-0.8655387660524557,0.5032987658686078,0.4967012341313922,0.72,1,0.13620383939655414
1771-026-190-D12,76.3988,3770528.0,604194.52102,31603.59123440001,1094,True,2,CD4+ T cell,026-190,0.61580511132,-1.7799929729900001,-0.07715277379508521,0.4926311303228349,0.5073688696771651,0.72,1,0.35181091409358467
1771-026-190-D3,58.3152,4422436.0,543562.594966,81880.78211839999,1136,True,2,CD4+ T cell,026-190,0.936864596652,0.251786875423,-1.1088826859651053,0.5004989078934808,0.4995010921065192,0.72,1,0.06965436841033323
1771-026-190-D5,67.9321,3182645.0,852775.61679,34753.3427069,706,True,2,CD4+ T cell,026-190,1.7015726738699999,-0.033061415283900004,-0.7963586060462232,0.4990682633630478,0.5009317366369522,0.72,1,0.15512316580836463
1771-026-190-D6,56.395,3550399.0,597383.1221,103428.18325700001,1066,True,2,CD4+ T cell,026-190,1.02526989666,-0.211670963468,-0.7537807590192538,0.5008399569460462,0.4991600430539537,0.72,1,0.16676731617955196
1771-026-190-D9,66.8705,2993603.0,631316.437584,19212.551174599997,1084,True,2,CD4+ T cell,026-190,0.8614679978399999,-1.76117071385,-0.14492611265227093,0.4860720558141306,0.5139279441858693,0.72,1,0.3332763238332872
1771-026-190-E1,56.88800000000001,6382339.0,779980.759612,59747.656763,771,True,2,CD4+ T cell,026-190,1.7192227609200001,0.209956023564,-0.8842569760284038,0.4979515785555434,0.5020484214444566,0.72,1,0.1310848005803984
1771-026-190-E10,76.0428,4098754.0,761821.6840189998,62348.62817509999,837,True,2,CD4+ T cell,026-190,1.38749359343,-0.010382562513799999,-0.8326372613472679,0.5003205152399488,0.4996794847600511,0.72,1,0.14520171258593514
1771-026-190-E11,81.3084,3959452.0,971636.194902,40666.5696462,693,True,2,CD4+ T cell,026-190,1.9903569811500001,0.0668455439352,-0.8137952395987877,0.4976965022908082,0.5023034977091919,0.72,1,0.15035461133155545
1771-026-190-E12,74.9063,4426825.0,627015.1142300001,23044.7865272,1165,True,2,CD4+ T cell,026-190,0.627272208864,-1.88994378218,-0.06821256593002509,0.4795299860633563,0.5204700139366436,0.72,1,0.3542558739024847
1771-026-190-E2,76.2421,4817529.0,750161.617895,70678.7449153,810,True,2,CD4+ T cell,026-190,1.28761598815,0.0384936022059,-0.8748942021120469,0.5011720812772278,0.4988279187227722,0.72,1,0.13364532336362964
1771-026-190-E3,58.9878,4368515.0,585423.4713979999,37471.848439099995,1234,True,2,CD4+ T cell,026-190,0.595466766859,-1.49532582414,-0.1088795681531456,0.5215046330162822,0.4784953669837178,0.72,1,0.3431342996074884
1771-026-190-E4,64.0405,4082169.0,572711.143663,38635.4936055,1210,True,2,CD4+ T cell,026-190,0.496030819456,-1.77276489026,-0.04394986058264346,0.4982558505209645,0.5017441494790356,0.72,1,0.3608912162037939
1771-026-190-E5,73.5292,5185539.0,611396.1664890001,32317.0821236,1149,True,2,CD4+ T cell,026-190,0.573861659358,-1.6030928876100001,-0.08679374971165461,0.51324687766653,0.4867531223334701,0.72,1,0.3491743088836871
1771-026-190-E6,56.0249,3408798.0,586727.54062,114475.95028699999,1177,True,2,CD4+ T cell,026-190,0.866119752676,-0.45159818031800003,-0.5743548058997033,0.5000397232694741,0.4999602767305258,0.72,1,0.21583656050499378
1771-026-190-E7,88.2029,3249640.0,867261.301141,27797.963819700002,428,True,2,CD4+ T cell,026-190,1.7127024818799998,-0.38300896178800004,-0.6699718592963877,0.5003229934403003,0.4996770065596997,0.72,1,0.1896872968492808
1771-026-190-E8,78.7774,1881626.0,195933.77177999998,39718.2435461,2483,True,2,CD4+ T cell,026-190,-1.17235765402,-1.50037012201,0.4930230047532568,0.5044488097088243,0.4955511902911757,0.72,1,0.5077420606172761
1771-026-190-E9,84.7701,1805695.0,323332.037775,28740.466752099997,1815,True,2,CD4+ T cell,026-190,-0.46426820949500003,-1.8961903838599998,0.2485473825780491,0.4827141133581298,0.5172858866418703,0.72,1,0.44088309273910825
1771-026-190-F10,77.4343,3065270.0,617043.3522399999,25660.0290483,1246,True,2,CD4+ T cell,026-190,0.4716803100600001,-1.29364974253,-0.09930213602460833,0.5475416030002883,0.4524583969997117,0.72,1,0.34575352692078803
1771-026-190-F11,57.2793,3668579.0,775913.82866,109919.065924,881,True,2,CD4+ T cell,026-190,1.51961287268,0.276138093424,-0.940987228108578,0.4990960937818773,0.5009039062181228,0.72,1,0.11557026351612427
1771-026-190-F12,87.48700000000002,4041387.0,498107.469838,25840.2272582,1325,True,2,CD4+ T cell,026-190,0.0996572539597,-1.78930775667,0.0771654046041329,0.5108988246970034,0.4891011753029965,0.72,1,0.39401370732429974
1771-026-190-F2,87.3656,5363647.0,582671.825252,18174.8088888,1045,True,2,CD4+ T cell,026-190,0.48618628114600004,-2.01672494458,-0.0193016956401808,0.4657174185939034,0.5342825814060965,0.72,1,0.3676319736399805
1771-026-190-F3,65.4091,5100162.0,711199.85415,25703.306,1027,True,2,CD4+ T cell,026-190,0.977528617388,-1.59997968045,-0.19958872595714008,0.4944388234111045,0.5055611765888955,0.72,1,0.3183272427160388
1771-026-190-F4,61.3388,5308862.0,748555.593475,66931.7528028,849,True,2,CD4+ T cell,026-190,1.43209209132,0.0336787492472,-0.8481408360271023,0.5000784461394019,0.4999215538605981,0.72,1,0.14096180926840532
1771-026-190-F5,87.3734,4282420.0,877621.427357,24067.1767177,505,True,2,CD4+ T cell,026-190,1.69327067405,-0.272394937531,-0.7087456117568719,0.4999674253633043,0.5000325746366956,0.72,1,0.17908348675481797
1771-026-190-F6,56.3886,3221460.0,527502.384198,82667.8664666,1408,True,2,CD4+ T cell,026-190,0.48258077700400004,-0.32321841266199997,-0.7354968641881153,0.5021928175167092,0.4978071824832908,0.72,1,0.17176757889010882
1771-026-190-F7,84.8646,3901396.0,693080.297126,62825.75151749999,948,True,2,CD4+ T cell,026-190,0.872621265956,-1.43812168058,-0.2016642294171265,0.5080282861477415,0.4919717138522585,0.72,1,0.31775963594229345
1771-026-190-F9,76.67399999999998,4047505.0,808986.5316600002,62938.96738330001,666,True,2,CD4+ T cell,026-190,1.6809793656299998,-0.399771828584,-0.6626136579124631,0.5003179098429923,0.4996820901570077,0.72,1,0.19169961098347424
1771-026-190-G10,62.0027,3306229.0,375754.092415,30555.396274799998,2097,True,2,CD4+ T cell,026-190,-0.534617025334,-1.3089420783,0.3090016417704442,0.6239219181360619,0.3760780818639382,0.72,1,0.45741606783691197
1771-026-190-G11,64.1127,4105449.0,609510.863054,149131.222664,1391,True,2,CD4+ T cell,026-190,0.567035126113,-1.30197795579,-0.1323705172787885,0.5371667982834754,0.4628332017165247,0.72,1,0.33671001648655846
1771-026-190-G12,77.4506,6873631.0,704316.402905,23877.5397599,853,True,2,CD4+ T cell,026-190,1.09227323651,-1.5030924778,-0.2454304537518756,0.4961283725212252,0.5038716274787748,0.72,1,0.30579048924001573
1771-026-190-G2,76.3433,5765953.0,746692.29617,39292.1982865,794,True,2,CD4+ T cell,026-190,1.38961982822,0.08229875888610001,-0.87821861242145,0.5003806445371013,0.4996193554628988,0.72,1,0.1327361666955225
1771-026-190-G3,69.1534,5727792.0,757411.666102,80629.0291137,884,True,2,CD4+ T cell,026-190,1.38377340908,0.08141251913019999,-0.8788674082457496,0.5004274676737175,0.4995725323262825,0.72,1,0.1325587346113319
1771-026-190-G4,73.6738,4726231.0,696959.784025,74862.8624088,970,True,2,CD4+ T cell,026-190,1.11247322282,-0.7995929999410001,-0.44717761718353627,0.5042495180477565,0.4957504819522434,0.72,1,0.2506168608865023
1771-026-190-G5,73.4316,5275174.0,605388.434218,57143.084570700004,1016,True,2,CD4+ T cell,026-190,0.8471786747229999,-0.119319147094,-0.9137564159064241,0.5057335285031826,0.4942664714968174,0.72,1,0.12301732094508729
1771-026-190-G6,65.8372,3971389.0,540065.808909,44597.439979,1426,True,2,CD4+ T cell,026-190,0.21978014890500008,-1.65141144236,0.0309577320813017,0.5288461136697101,0.4711538863302898,0.72,1,0.3813768756212402
1771-026-190-G7,78.6484,3306385.0,636077.407469,54017.245226499996,1075,True,2,CD4+ T cell,026-190,0.780481743009,-0.703134982527,-0.4036757050133233,0.5120593311835435,0.4879406688164565,0.72,1,0.26251372374157556
1771-026-190-G8,57.9086,4519637.0,711284.330109,46327.9740921,1037,True,2,CD4+ T cell,026-190,1.13823148509,0.4057871402880001,-1.0996343451059305,0.5006913080248094,0.4993086919751906,0.72,1,0.07218359614653172
1771-026-190-G9,78.1071,3568358.0,651560.077958,43790.289167,988,True,2,CD4+ T cell,026-190,0.894806357456,-1.70929228178,-0.16102439264517526,0.4893680014522255,0.5106319985477744,0.72,1,0.3288737810547357
1771-026-190-H1,83.3834,4362708.0,447967.78476999997,17841.2347468,1171,True,2,CD4+ T cell,026-190,0.77956101911,-0.431647117126,-0.5744468517784633,0.4999706637394003,0.5000293362605996,0.72,1,0.21581138788288703
1771-026-190-H10,76.9093,4198296.0,807100.070596,37105.5901469,682,True,2,CD4+ T cell,026-190,1.51969775131,-0.159491159348,-0.7550736241169079,0.4998167121420757,0.5001832878579243,0.72,1,0.1664137446239679
1771-026-190-H12,79.2715,3221696.0,379375.90679000004,35956.229815800005,1782,True,2,CD4+ T cell,026-190,-0.282995918407,-1.05563545619,0.2173064574484496,0.6734629933051473,0.32653700669485275,0.72,1,0.4323393533219029
1771-026-190-H2,77.11,4624412.0,275396.548025,50919.69969730001,2315,True,2,CD4+ T cell,026-190,-0.815858571911,-1.1650864940999999,0.4374962580801153,0.6347252112659206,0.3652747887340793,0.72,1,0.49255665710273616
1771-026-190-H3,80.6459,2317995.0,894921.1497129998,233004.60374000002,893,True,2,CD4+ T cell,026-190,1.4816948361200002,-0.464493046013,-0.6296233800016957,0.5002166895576448,0.4997833104423553,0.72,1,0.20072176178731624
1771-026-190-H6,79.9533,3218312.0,930551.84845,257252.46284499997,872,True,2,CD4+ T cell,026-190,1.4790479109399999,-1.25694556933,-0.3800584292385872,0.4966239985774448,0.5033760014225552,0.72,1,0.26897255455809466
1771-026-190-H8,68.3082,3712829.0,618357.6394529999,37090.7031704,1162,True,2,CD4+ T cell,026-190,0.750547129753,0.0721154686383,-1.0801399311379132,0.5017175792058872,0.4982824207941128,0.72,1,0.07751491051519825
1771-026-192-B10,81.955,2943936.0,266833.189295,57392.783946899995,1955,True,3,CD4+ T cell,026-192,-0.70800435891,-0.535397729809,0.6038670421633879,0.7226765994078993,0.2773234005921008,0.72,2,0.5380555858299422
1771-026-192-B7,83.2502,3311660.0,148036.863095,80506.343598,2306,True,3,CD4+ T cell,026-192,-1.3580893797799998,-1.8896230205400002,0.4867759850220376,0.3841393098697429,0.6158606901302571,0.72,2,0.5060336314175561
1771-026-192-B9,84.6033,3818194.0,183263.95382,74963.0767911,2262,True,3,CD4+ T cell,026-192,-1.30368662619,-1.7424606921799999,0.494216753780089,0.4245451774562101,0.5754548225437899,0.72,2,0.5080685260011432
1771-026-192-C12,85.524,3038400.0,178941.97819000005,65809.71419859999,2217,True,3,CD4+ T cell,026-192,-1.1439687453299998,-1.22759399719,0.5418480132448202,0.5637904304098237,0.4362095695901763,0.72,2,0.5210946789492963
1771-026-192-C5,83.1738,3230297.0,173289.45286199998,66910.48263019999,2199,True,3,CD4+ T cell,026-192,-1.0109077863,-1.24927193593,0.4959428978513535,0.5843929397305822,0.4156070602694178,0.72,2,0.5085405902911813
1771-026-192-C7,84.57799999999997,3221599.0,111844.53591500001,66547.3466791,2486,True,3,CD4+ T cell,026-192,-1.35887449863,-0.8880958066879999,0.6937225938483281,0.5586975560155932,0.4413024439844068,0.72,2,0.5626291993065161
1771-026-192-C9,82.6163,3636069.0,204134.47783800002,18371.4754573,2057,True,3,CD4+ T cell,026-192,-0.9814838787569999,-1.2948976710200002,0.4776722047750869,0.5797284590036273,0.4202715409963727,0.72,2,0.5035439379843819
1771-026-192-D4,84.3426,2554001.0,123119.64918,143190.422226,2272,True,3,CD4+ T cell,026-192,-1.2254202547,-1.39506047948,0.5310488120744947,0.5149276529638889,0.4850723470361112,0.72,2,0.5181413233642588
1771-026-192-E10,80.7535,3115409.0,123676.41828399998,97427.0119914,2415,True,3,CD4+ T cell,026-192,-1.26187152591,-1.4822062728100005,0.5249452998843425,0.4896256705626085,0.5103743294373915,0.72,2,0.5164721404746333
1771-026-192-E2,84.911,3126621.0,133464.611626,29957.826455299997,2518,True,3,CD4+ T cell,026-192,-1.52459780051,-1.6815068559600002,0.5530995108839788,0.4037161035812397,0.5962838964187602,0.72,2,0.5241717281558576
1771-026-192-F2,85.5763,3678399.0,119744.59191500001,61579.5787535,2505,True,3,CD4+ T cell,026-192,-1.4620642712099998,-1.7904261755400002,0.5231101846952231,0.39047446907665545,0.6095255309233446,0.72,2,0.5159702748636967
1771-026-192-F5,83.5434,3618073.0,161602.976616,67371.8839293,2299,True,3,CD4+ T cell,026-192,-1.28099907831,-1.84958870057,0.4744470516068176,0.4037823772150941,0.5962176227849059,0.72,2,0.5026619260677706
1771-026-192-F6,80.0163,3886469.0,203599.640987,59707.5685045,1993,True,3,CD4+ T cell,026-192,-0.739453266444,-1.7544242158099996,0.34265555011135324,0.4969571988924682,0.5030428011075319,0.72,2,0.4666197076792808
1771-026-192-F7,85.6592,4415483.0,214820.035339,47046.7023065,1932,True,3,CD4+ T cell,026-192,-0.689366277039,-1.2294188814700002,0.3850825137228777,0.6323090124171921,0.367690987582808,0.72,2,0.4782225945930451
1771-026-192-G1,82.6678,3553409.0,329456.108256,56223.9119024,1436,True,3,CD4+ T cell,026-192,-0.0774696071146,-2.27675734508,0.1421794958200677,0.4142738202524917,0.5857261797475084,0.72,2,0.4117937010822019
1771-026-192-G10,83.46600000000002,3022804.0,101973.175184,63907.9462515,3071,True,3,CD4+ T cell,026-192,-1.88719717158,-1.19772843859,0.7156169213230922,0.4351471961016405,0.5648528038983596,0.72,2,0.5686168398095853
1771-026-192-G3,75.1676,3558041.0,134480.533739,117487.107599,2513,True,3,CD4+ T cell,026-192,-1.32538690326,-0.670211889583,0.7649071538257727,0.5651446006153913,0.4348553993846087,0.72,2,0.5820966871754809
1771-026-192-G5,87.2014,3499424.0,189820.27482,45181.305514499996,2045,True,3,CD4+ T cell,026-192,-1.0387613808,-1.8896436308200002,0.4109099455514987,0.427811211603488,0.5721887883965121,0.72,2,0.48528585685061204
1771-026-192-H12,83.8766,3437101.0,116452.08076600001,32984.3616622,2701,True,3,CD4+ T cell,026-192,-1.68878898391,-1.6175849638600002,0.597109412683376,0.3919746649094959,0.608025335090504,0.72,2,0.5362075155466284
1771-026-192-H4,76.3757,2791118.0,93272.783395,88124.5218083,3168,True,3,CD4+ T cell,026-192,-1.96801840408,-1.67797991164,0.6364264891583792,0.3457980967445895,0.6542019032554105,0.72,2,0.5469599133919308
1771-026-192-H5,86.2835,3405267.0,98425.150341,51165.3234669,2889,True,3,CD4+ T cell,026-192,-1.9102105569499999,-1.50016456983,0.6580383677439038,0.38333862897216014,0.6166613710278399,0.72,2,0.5528703100330361
1771-026-195-A1,65.051,2531332.0,92552.411092,77190.7366278,3657,True,4,CD4+ T cell,026-195,-2.15486190167,0.0710832233922,1.0844511559052072,0.5021649133568172,0.4978350866431828,0.72,3,0.6694852864174085
1771-026-195-A10,70.5738,241720.0,65394.69416,58684.84565900001,4027,True,4,CD4+ T cell,026-195,-2.42763302788,0.535507934929,1.1809672044675974,0.4703420270122382,0.5296579729877618,0.72,3,0.6958804064426513
1771-026-195-A11,80.8879,2225583.0,76878.047003,57564.8861648,3914,True,4,CD4+ T cell,026-195,-2.5038685948099997,0.777884582272,1.2246837375320996,0.42379028675628383,0.5762097132437163,0.72,3,0.7078359636221304
1771-026-195-A12,72.2707,2561813.0,94878.57945,80486.2246458,3554,True,4,CD4+ T cell,026-195,-2.05715461151,1.08514968513,1.3366240069981834,0.32989642541375225,0.6701035745862478,0.72,3,0.7384492853673253
1771-026-195-A3,72.8662,2818229.0,149371.855882,87259.31300780001,3040,True,4,CD4+ T cell,026-195,-1.26148500361,0.170426546146,1.1945417244497312,0.5241605566498317,0.4758394433501682,0.72,3,0.6995927536589991
1771-026-195-A4,62.6533,3370180.0,207616.274263,103619.967087,2874,True,4,CD4+ T cell,026-195,-0.882932673458,1.15661569396,1.5939491871181652,0.5087529469961345,0.4912470530038656,0.72,3,0.8088223385118869
1771-026-195-A5,80.5006,2167376.0,77815.678905,71107.22913189999,3887,True,4,CD4+ T cell,026-195,-2.44260700845,0.9190344323649999,1.2581101154666523,0.385167023561057,0.614832976438943,0.72,3,0.7169773786586289
1771-026-195-A6,63.4188,3987839.0,216203.22632600003,77436.0435941,2477,True,4,CD4+ T cell,026-195,-0.562246013636,1.2843600241,1.7138307752804471,0.5462257187983132,0.4537742812016868,0.72,3,0.8416074447765169
1771-026-195-A7,77.0409,3462949.0,174037.722927,64636.4436977,2652,True,4,CD4+ T cell,026-195,-1.31127251877,-0.0223743292643,1.0936977614829286,0.4987366246362877,0.5012633753637123,0.72,3,0.672014039590434
1771-026-195-A8,72.07,4487633.0,180429.95237,287100.363021,2027,True,4,CD4+ T cell,026-195,-0.141808529699,1.3548581961000001,1.8879664589616405,0.6486303339415416,0.3513696660584583,0.72,3,0.8892299110907242
1771-026-195-A9,73.61,4795133.0,403000.882574,101783.273405,1470,True,4,CD4+ T cell,026-195,0.685219383081,0.30345500103,-1.1636283038747306,0.4988569336977736,0.5011430663022265,0.72,3,0.05468258727026146
1771-026-195-B1,75.2706,3326159.0,75834.502878,110594.348529,3594,True,4,CD4+ T cell,026-195,-2.24909142361,-0.828741075173,0.8503388157792084,0.4456514932290596,0.5543485067709403,0.72,3,0.6054604593647167
1771-026-195-B10,68.6323,2677445.0,249855.945042,90212.77993160002,2119,True,4,CD4+ T cell,026-195,-0.418219938879,0.8663801768189999,1.6933886417868391,0.8488241708494031,0.15117582915059696,0.72,3,0.8360169489452767
1771-026-195-B12,64.4258,5214733.0,344514.86508,62411.3400166,1806,True,4,CD4+ T cell,026-195,-0.0382992591661,0.896931815159,1.966286318575974,0.9129216458103848,0.08707835418961518,0.72,3,0.9106487541294981
1771-026-195-B2,82.7516,4447772.0,140540.844946,23407.660245299998,2771,True,4,CD4+ T cell,026-195,-1.62310016995,0.176439336131,1.151714972609012,0.5033330662222282,0.4966669337777719,0.72,3,0.6878805330287031
1771-026-195-B3,63.7106,5716607.0,615524.637858,56378.0614046,1094,True,4,CD4+ T cell,026-195,1.01979135554,0.261166180762,-1.0434543199553683,0.5014094401807943,0.4985905598192057,0.72,3,0.08754765765710719
1771-026-195-B5,81.1956,4523507.0,136787.800227,31989.241924500002,2824,True,4,CD4+ T cell,026-195,-1.4874527198899998,1.0550175420999999,1.4267888867258085,0.3813646277140169,0.6186353722859832,0.72,3,0.7631074935919794
1771-026-195-B6,67.9419,4462881.0,202130.995055,87014.43196739999,2469,True,4,CD4+ T cell,026-195,-0.815235172651,-0.625965151202,0.6233693116518728,0.6904591520248529,0.3095408479751472,0.72,3,0.5433890485191077
1771-026-195-B7,66.454,5235030.0,202601.66949,49553.927438599996,2490,True,4,CD4+ T cell,026-195,-0.93169573463,1.06859430834,1.5629627465550964,0.5480920389220333,0.4519079610779668,0.72,3,0.800348195299439
1771-026-195-B9,68.1884,4665610.0,177144.122326,107710.889556,2332,True,4,CD4+ T cell,026-195,-0.34790923968000004,1.4963785750799998,1.8166176778707064,0.3788467821825465,0.6211532178174536,0.72,3,0.8697175121829653
1771-026-195-C10,78.7011,5380009.0,141416.12691700002,76343.2731592,2787,True,4,CD4+ T cell,026-195,-1.2763054338200002,1.53424155567,1.5612532092348266,0.19554973217709054,0.8044502678229094,0.72,3,0.7998806726083605
1771-026-195-C11,65.2282,3180701.0,164795.808975,107522.67022,2684,True,4,CD4+ T cell,026-195,-0.848076116347,1.32498873196,1.633561460680218,0.3835762867157793,0.6164237132842206,0.72,3,0.8196554665845436
1771-026-195-C12,75.697,3141604.0,132620.84501400002,79048.54053210001,2874,True,4,CD4+ T cell,026-195,-1.45540288571,-0.282685515961,0.9652164278828912,0.5051102735064948,0.4948897264935053,0.72,3,0.636877082867801
1771-026-195-C2,71.0115,6535841.0,288492.478942,39050.003134,1889,True,4,CD4+ T cell,026-195,-0.23586322507399998,0.314618929584,1.6389237532230652,0.9246378604276124,0.07536213957238762,0.72,3,0.8211219414080277
1771-026-195-C3,76.5808,3641355.0,97444.259584,132651.884047,2979,True,4,CD4+ T cell,026-195,-1.5502041023,-0.18826420793600002,1.009942079994678,0.4993103192466583,0.5006896807533417,0.72,3,0.6491086129944693
1771-026-195-C4,52.2953,5449963.0,325323.55081399996,185001.045912,1877,True,4,CD4+ T cell,026-195,0.12588555412900002,0.287252902305,-1.3635799329427682,0.4870275718047013,0.5129724281952986,0.72,3,0.0
1771-026-195-C5,78.4902,3690462.0,71266.828809,52630.8314554,3691,True,4,CD4+ T cell,026-195,-2.26204925646,1.04337319557,1.3015481892467442,0.344187055639107,0.6558129443608929,0.72,3,0.7288567830495962
1771-026-195-C6,66.5564,4331791.0,129748.40991700001,80312.9998353,2976,True,4,CD4+ T cell,026-195,-1.38528216057,1.82706629073,1.5821436517986396,0.11773119493386912,0.8822688050661308,0.72,3,0.8055937715910219
1771-026-195-C7,64.8997,5137657.0,223795.591084,51390.9996006,2370,True,4,CD4+ T cell,026-195,-0.8164685380069999,0.536122953287,1.4613364053360272,0.7492218655654742,0.2507781344345261,0.72,3,0.7725555171473736
1771-026-195-C9,81.6738,4796112.0,164962.344401,20916.2752617,2456,True,4,CD4+ T cell,026-195,-1.31281730445,-1.12677006729,0.6194452979545008,0.5406111537868971,0.45938884621310294,0.72,3,0.5423159128689689
1771-026-195-D1,72.5907,3510090.0,89869.00353,78130.054784,3608,True,4,CD4+ T cell,026-195,-2.31754088821,-0.65645598113,0.8963696407321362,0.4621265162306663,0.5378734837693337,0.72,3,0.6180489269573171
1771-026-195-D11,59.8205,2884066.0,443520.94633999997,253027.753219,1863,True,4,CD4+ T cell,026-195,0.198833639872,0.9527187696960001,2.1283839313969146,0.8931017067862168,0.10689829321378326,0.72,3,0.9549790599174344
1771-026-195-D12,74.9853,2344389.0,61581.555287999996,95333.95795519999,3811,True,4,CD4+ T cell,026-195,-2.4277128566900004,-0.584803634992,0.9192056201992036,0.4664634808729853,0.5335365191270147,0.72,3,0.6242940895795475
1771-026-195-D2,77.209,2866244.0,77459.764793,59677.25271189999,3333,True,4,CD4+ T cell,026-195,-1.9351331332799997,-0.108689743189,1.0375494974110409,0.4997863884503698,0.5002136115496303,0.72,3,0.6566586640703879
1771-026-195-D3,76.1895,1984622.0,74551.25112999999,71681.4792392,3630,True,4,CD4+ T cell,026-195,-2.25285428389,-0.6211122325399999,0.9009965334472826,0.4681296454063956,0.5318703545936044,0.72,3,0.6193142853135625
1771-026-195-D4,74.8518,2933659.0,125890.37473099999,104072.331492,2977,True,4,CD4+ T cell,026-195,-1.53273401857,0.637305250383,1.3147122432025666,0.4955708666898603,0.5044291333101396,0.72,3,0.732456876395296
1771-026-195-D5,75.0574,3361857.0,181363.588979,37059.373799199995,2356,True,4,CD4+ T cell,026-195,-0.5093636465370001,1.3082484606,1.7351521535524792,0.5454597550098376,0.4545402449901624,0.72,3,0.8474383956595724
1771-026-195-D6,75.082,2484035.0,130368.547191,80148.2788362,2883,True,4,CD4+ T cell,026-195,-1.25343997514,-0.738081661497,0.7282207342269175,0.5770381632710812,0.4229618367289189,0.72,3,0.5720637189486244
1771-026-195-D7,75.0092,4767120.0,268943.348619,77763.8469677,1772,True,4,CD4+ T cell,026-195,0.100432035583,1.22264445279,2.0572521168199582,0.804557550324126,0.195442449675874,0.72,3,0.9355259968119923
1771-026-195-D9,71.8183,4173940.0,237078.040225,60508.282224099996,2155,True,4,CD4+ T cell,026-195,-0.27904474904,1.2738523510600002,1.8164977412541872,0.6873621889054778,0.31263781109452216,0.72,3,0.8696847120275963
1771-026-195-E1,75.9308,3836783.0,55916.580964,70034.5361385,4072,True,4,CD4+ T cell,026-195,-2.61582533899,-0.38186355775700004,0.9712350226697816,0.4836468406265467,0.5163531593734533,0.72,3,0.6385230426242302
1771-026-195-E12,69.6488,5158174.0,302448.601439,77251.46542210001,1911,True,4,CD4+ T cell,026-195,0.00542173510948,1.17851805395,1.9868966724053112,0.8314854092577549,0.16851459074224498,0.72,3,0.9162852547031454
1771-026-195-E3,72.6509,3925480.0,150948.688811,187493.232526,2399,True,4,CD4+ T cell,026-195,-0.8451933277500001,0.673903195959,1.4943019555392725,0.7309398242575436,0.26906017574245644,0.72,3,0.7815709054405482
1771-026-195-E5,76.9248,4804309.0,177517.62748,28941.7471881,2733,True,4,CD4+ T cell,026-195,-1.3263504024700001,-0.209564370957,0.9956784474958676,0.502160575354985,0.4978394246450149,0.72,3,0.6452078079220499
1771-026-195-E6,67.0556,4238428.0,226383.853926,102798.0211,2327,True,4,CD4+ T cell,026-195,-0.509830378711,1.25370047464,1.7268041772727285,0.6044255758632567,0.3955744241367433,0.72,3,0.8451553987989056
1771-026-195-E7,80.0973,4422980.0,109519.2287,50002.75611140001,3083,True,4,CD4+ T cell,026-195,-1.74282514539,0.485232074322,1.2377860238469145,0.4895063786811952,0.5104936213188048,0.72,3,0.7114191648102838
1771-026-195-E8,76.2389,4997646.0,291878.491232,221961.259194,1454,True,4,CD4+ T cell,026-195,0.349312519711,0.44418974478,-1.3061063200094256,0.4960003146643708,0.5039996853356292,0.72,3,0.015717830705421917
1771-026-195-F10,79.0212,5942985.0,117721.42016,75206.92360689999,3208,True,4,CD4+ T cell,026-195,-1.7069983465399998,1.20000300311,1.414945398622402,0.29925943216562784,0.7007405678343722,0.72,3,0.7598685473787508
1771-026-195-F12,78.2846,4158982.0,86496.24426200001,57289.71953049999,3552,True,4,CD4+ T cell,026-195,-2.3031659162900002,-0.301917082052,0.9840077878145562,0.4922859432531555,0.5077140567468444,0.72,3,0.6420161266664415
1771-026-195-F3,75.5169,5897807.0,146330.620327,69442.263637,2958,True,4,CD4+ T cell,026-195,-1.48727720118,-1.28739853774,0.6236568483409969,0.4814999406414106,0.5185000593585892,0.72,3,0.543467683787896
1771-026-195-F5,77.596,5803415.0,435991.107908,118656.54496600002,1472,True,4,CD4+ T cell,026-195,0.35365224393600003,0.512895978617,-1.3135955869124554,0.4982582829038301,0.50174171709617,0.72,3,0.01366967289383513
1771-026-195-F7,75.5087,6177255.0,391733.58699499996,41156.5431367,1801,True,4,CD4+ T cell,026-195,0.0721989314862,-0.538835073252,-0.03917541956792685,0.6606830988744352,0.33931690112556484,0.72,3,0.36219692593304603
1771-026-195-F9,79.8235,3508098.0,75194.97608200001,40042.9346388,3555,True,4,CD4+ T cell,026-195,-2.41229533406,-0.8104188455239999,0.8672728554723469,0.4398565110839935,0.5601434889160064,0.72,3,0.6100915649359698
1771-026-195-G10,75.6114,5935937.0,155138.68127200002,83474.8712298,2931,True,4,CD4+ T cell,026-195,-1.33792846344,0.154345352048,1.175837231990185,0.5148896365963374,0.4851103634036626,0.72,3,0.6944774662965888
1771-026-195-G11,68.0517,5473554.0,132178.90281600002,114459.628825,3040,True,4,CD4+ T cell,026-195,-1.2895416123,1.19799135908,1.4987827929932032,0.3493827178980534,0.6506172821019466,0.72,3,0.7827963207385403
1771-026-195-G12,88.038,5173875.0,122298.35478299999,18235.5684737,3098,True,4,CD4+ T cell,026-195,-2.06479548805,-0.890842434921,0.8173343179741966,0.4511577669268098,0.5488422330731901,0.72,3,0.5964344197172999
1771-026-195-G2,69.1813,6087078.0,441775.375,114508.430701,1436,True,4,CD4+ T cell,026-195,0.557422129461,0.269571456851,-1.193223759421127,0.4970392600290796,0.5029607399709205,0.72,3,0.04658884935843736
1771-026-195-G3,71.5038,4506111.0,120393.16304300001,65485.5428852,3022,True,4,CD4+ T cell,026-195,-1.4602757658599999,0.791165175776,1.3701879875697638,0.4788763033673727,0.5211236966326274,0.72,3,0.7476283318462029
1771-026-195-G4,68.8882,4091279.0,86215.18362000001,110205.01371600002,3479,True,4,CD4+ T cell,026-195,-1.9864218091900003,1.21542646596,1.3720716624774132,0.2853709710704927,0.7146290289295073,0.72,3,0.7481434775242173
1771-026-195-H12,72.8295,3680947.0,135225.87641,77103.4043545,3188,True,4,CD4+ T cell,026-195,-1.73038316536,-0.176670045693,1.0155632686815286,0.4987974286367699,0.5012025713632301,0.72,3,0.6506458904968533
1771-026-195-H4,59.4252,225549.0,241086.6621,173882.58065999998,2704,True,4,CD4+ T cell,026-195,-0.903283238486,-1.2044872925799999,0.4749241463405086,0.6086008835036285,0.3913991164963715,0.72,3,0.5027924014959171
1771-026-195-H6,79.2205,4184630.0,97751.375983,104927.680034,3304,True,4,CD4+ T cell,026-195,-1.8248217653999999,-0.0326331310857,1.0650171064406684,0.5000163299052627,0.4999836700947373,0.72,3,0.6641704804775298
1771-026-195-H7,73.4492,3875822.0,197145.17100499998,59451.31205680001,2597,True,4,CD4+ T cell,026-195,-1.00135545881,1.1639278181100001,1.5628789693022604,0.453128891363217,0.546871108636783,0.72,3,0.8003252839735308
1771-026-196-A1,78.2738,5601950.0,143994.18408,90996.5841919,3028,True,4,CD4+ T cell,026-196,-1.66607532805,0.51892224393,1.258504726310778,0.4924748560728559,0.507525143927144,0.72,3,0.7170852964686625
1771-026-196-A11,81.3605,5007373.0,222163.70854899997,48584.3343373,2503,True,4,CD4+ T cell,026-196,-1.26338732982,0.583662311192,1.353240296883944,0.5632984517796452,0.4367015482203548,0.72,3,0.7429934930140503
1771-026-196-A2,68.2917,6237457.0,265640.434925,35190.429508099995,2742,True,4,CD4+ T cell,026-196,-1.13021560507,0.058358481192199996,1.1561315438054065,0.5139393800127912,0.4860606199872088,0.72,3,0.6890883728498031
1771-026-196-A3,77.482,4452510.0,282251.737678,125678.999155,2445,True,4,CD4+ T cell,026-196,-1.0516798639899998,0.0676995872781,1.1736968069870024,0.5233778712717088,0.4766221287282914,0.72,3,0.6938921048390327
1771-026-196-A4,84.0799,3533731.0,94876.519788,68336.30594939999,3669,True,4,CD4+ T cell,026-196,-2.42513022123,-0.265197983288,0.9947030091803432,0.4938603542365672,0.5061396457634327,0.72,3,0.644941045950347
1771-026-196-A7,75.8156,1070931.0,246444.75756,40877.4682682,2333,True,4,CD4+ T cell,026-196,-1.0246753129200001,0.00885779869132,1.1394280800331331,0.5092966617718013,0.4907033382281986,0.72,3,0.6845203249689219
1771-026-196-A8,87.1123,1409393.0,94271.91678,67782.59044730001,3429,True,4,CD4+ T cell,026-196,-2.26726717697,0.314647426109,1.141468692538948,0.49373848881824395,0.506261511181756,0.72,3,0.6850783897966709
1771-026-196-A9,67.126,5411409.0,153083.311224,61130.758672,3207,True,4,CD4+ T cell,026-196,-1.7866592326,0.839422657042,1.3239297746668193,0.42022878513610185,0.5797712148638982,0.72,3,0.7349776784065608
1771-026-196-B1,76.9907,4119857.0,145355.59004,83831.2190698,3212,True,4,CD4+ T cell,026-196,-1.77108688566,0.381768016933,1.2035641809413775,0.495435495956877,0.504564504043123,0.72,3,0.702060206746509
1771-026-196-B10,80.3862,5308815.0,166550.452754,45067.079795,3039,True,4,CD4+ T cell,026-196,-1.7758366726400003,1.1984154963200002,1.402591208031626,0.2964555093048085,0.7035444906951915,0.72,3,0.7564899347198678
1771-026-196-B11,82.9393,4084548.0,215930.00066,76106.10597039999,2626,True,4,CD4+ T cell,026-196,-1.34864664657,0.068746974353,1.1352069212293183,0.5049834273653445,0.4950165726346556,0.72,3,0.6833659263488802
1771-026-196-B12,76.8544,4398619.0,273420.811823,69574.9631259,2458,True,4,CD4+ T cell,026-196,-1.01038885691,-0.8967703866779999,0.5931696392601966,0.634503902050531,0.3654960979494691,0.72,3,0.5351300699411976
1771-026-196-B2,80.5411,5113816.0,159674.18761,93438.1785525,2747,True,4,CD4+ T cell,026-196,-1.13588014235,0.157762520994,1.2097818764765773,0.5380416407617029,0.4619583592382971,0.72,3,0.703760616392123
1771-026-196-B3,87.9939,5419443.0,161574.43773,41236.9094481,2583,True,4,CD4+ T cell,026-196,-1.4625999290600002,0.28197790890700003,1.210352942828311,0.5162200580132682,0.4837799419867318,0.72,3,0.7039167910917807
1771-026-196-B4,78.4457,3719268.0,101866.00669,80659.42983919999,3712,True,4,CD4+ T cell,026-196,-2.34356331659,-0.218604917639,1.005460735497944,0.4967133494392219,0.5032866505607779,0.72,3,0.6478830590308786
1771-026-196-B5,88.1053,3921487.0,103911.56615099999,26072.6087877,3452,True,4,CD4+ T cell,026-196,-2.40235168189,-0.79065325979,0.8709675984305743,0.44285368399841785,0.5571463160015822,0.72,3,0.6111019998356311
1771-026-196-B6,72.1161,3365177.0,339543.690693,181047.47913800002,2112,True,4,CD4+ T cell,026-196,-0.483044708843,-0.22060656452100005,0.8212067470758961,0.6414680074234667,0.35853199257653345,0.72,3,0.5974934480597472
1771-026-196-B8,74.3104,4559862.0,105726.805374,113799.82155,3403,True,4,CD4+ T cell,026-196,-2.03833902401,-0.312883257527,0.9753624698554412,0.4942719582050637,0.5057280417949364,0.72,3,0.6396518130772904
1771-026-196-B9,75.1247,4886149.0,439496.27273100003,46232.613075400004,1583,True,4,CD4+ T cell,026-196,0.143419644442,0.325682487931,-1.3611834758955754,0.4889001888903205,0.5110998111096796,0.72,3,0.0006553808650289321
1771-026-196-C1,71.7618,5547064.0,133493.48246600002,78979.69830910001,3068,True,4,CD4+ T cell,026-196,-1.7188305013799998,0.761131273147,1.3157817752212193,0.4468565853351243,0.5531434146648757,0.72,3,0.7327493710262272
1771-026-196-C12,83.0321,3234655.0,133135.92547000002,70636.484418,3264,True,4,CD4+ T cell,026-196,-1.98597328181,0.494398227021,1.2110573460980778,0.4780107730730861,0.521989226926914,0.72,3,0.7041094306489176
1771-026-196-C2,76.8207,5832142.0,274755.963484,47878.3140013,2207,True,4,CD4+ T cell,026-196,-0.670415120664,-0.794077543778,0.4780774213756877,0.7138759902423051,0.28612400975769503,0.72,3,0.5036547562469237
1771-026-196-C4,84.5699,3103876.0,82238.587812,45065.6468783,3664,True,4,CD4+ T cell,026-196,-2.46860513417,-0.7110946578540001,0.8930667991513992,0.4503993474429317,0.5496006525570684,0.72,3,0.6171456688852507
1771-026-196-C5,83.2878,4326015.0,236907.31537800003,21067.960397299998,2566,True,4,CD4+ T cell,026-196,-1.1582169905500002,0.355129052349,1.2959697857551007,0.5803988632256006,0.4196011367743995,0.72,3,0.7273312064029727
1771-026-196-C6,75.7893,3768451.0,104415.979549,84439.448139,3391,True,4,CD4+ T cell,026-196,-2.0553523499,0.594297530456,1.2287950053845782,0.4618514042959879,0.5381485957040122,0.72,3,0.7089603093660607
1771-026-196-C8,68.061,2892726.0,116666.36928299999,55838.9831753,3279,True,4,CD4+ T cell,026-196,-1.6119216552700002,-0.25868517312,0.9820069480903101,0.5005731098503958,0.4994268901496042,0.72,3,0.6414689388623468
1771-026-196-C9,71.28399999999998,4554162.0,390341.98514299997,39726.753903900004,1781,True,4,CD4+ T cell,026-196,-0.0754632980967,0.36604071010899997,1.7683239008902674,0.9455500284712458,0.05444997152875412,0.72,3,0.8565101745550994
1771-026-196-D1,80.6946,6212584.0,211163.20685999998,59392.2881713,2125,True,4,CD4+ T cell,026-196,-0.45251976045599995,0.9152778079530001,1.6894051632790374,0.8276723827276615,0.17232761727233847,0.72,3,0.834927550913576
1771-026-196-D11,74.1733,2683563.0,65174.692987,90764.7545845,3915,True,4,CD4+ T cell,026-196,-2.49964206369,-0.534291549098,0.9338737193812084,0.470239543705091,0.529760456294909,0.72,3,0.6283055078277874
1771-026-196-D2,83.9635,3677203.0,117053.345671,48764.33074119999,3012,True,4,CD4+ T cell,026-196,-1.9268403631400002,-0.634904485918,0.8727104216115851,0.48328008933401795,0.5167199106659821,0.72,3,0.6115786255132335
1771-026-196-D3,76.3331,2746564.0,135770.38343,114756.983171,2965,True,4,CD4+ T cell,026-196,-1.63317819841,0.235112364479,1.1716051745105185,0.5040677086836384,0.4959322913163615,0.72,3,0.6933200871167178
1771-026-196-D4,75.0027,2380749.0,69282.43333,99753.0949051,3898,True,4,CD4+ T cell,026-196,-2.52568632292,-0.614552445872,0.9173154763995462,0.4605675981920058,0.5394324018079941,0.72,3,0.6237771747949076
1771-026-196-D6,74.8187,2501649.0,92627.578374,79435.5171959,3725,True,4,CD4+ T cell,026-196,-2.34746267159,-0.501838729754,0.9354226352491334,0.4765327252939132,0.5234672747060868,0.72,3,0.6287291039120848
1771-026-196-D7,76.3822,2653559.0,175553.208586,63955.3224921,2829,True,4,CD4+ T cell,026-196,-1.44495935117,-0.48655496000299997,0.8725210194791919,0.5233860326877867,0.4766139673122134,0.72,3,0.611526827992593
1771-026-196-D8,72.9917,2490694.0,81575.82907,68809.93795680001,3649,True,4,CD4+ T cell,026-196,-2.21540058398,0.7261490117649999,1.2418669552091166,0.4335591884718201,0.5664408115281797,0.72,3,0.7125352141588073
1771-026-196-D9,80.4197,2524623.0,82117.586,95263.922319,3691,True,4,CD4+ T cell,026-196,-2.33622992233,-0.610869809925,0.9083907704524729,0.4662968800169695,0.5337031199830305,0.72,3,0.6213364544362543
1771-026-196-E1,76.7088,3281972.0,65686.347216,82810.9282097,3839,True,4,CD4+ T cell,026-196,-2.35291831773,-0.39849213010799994,0.9608340684554696,0.4851823999970073,0.5148176000029927,0.72,3,0.6356785992497551
1771-026-196-E12,76.1916,3787682.0,113339.502847,113611.56155,3268,True,4,CD4+ T cell,026-196,-1.8937182342299999,0.796829077372,1.2978529859364143,0.4246257164297256,0.5753742835702743,0.72,3,0.7278462222532662
1771-026-196-E2,74.7147,5088311.0,240809.134694,70929.2181119,2327,True,4,CD4+ T cell,026-196,-0.897377748594,0.42452379448,1.39494268803884,0.6994939932254111,0.3005060067745891,0.72,3,0.7543982245200398
1771-026-196-E3,79.7861,2881795.0,66453.94831,74912.5752222,3685,True,4,CD4+ T cell,026-196,-2.3503863356,-0.251615221409,0.997258889115438,0.4949598980382065,0.5050401019617935,0.72,3,0.6456400256398576
1771-026-196-E4,81.2114,4409327.0,273379.9604,42937.836871,2321,True,4,CD4+ T cell,026-196,-1.05081468666,-0.522511632188,0.7747267353988359,0.6012297246433599,0.39877027535664017,0.72,3,0.5847821372957387
1771-026-196-E7,76.0938,3499574.0,114362.0513,59135.269026999995,3394,True,4,CD4+ T cell,026-196,-2.04769622655,0.39982212816299995,1.180095436366401,0.4870759973242101,0.5129240026757899,0.72,3,0.6956419961056348
1771-026-196-E8,82.7059,4012464.0,114307.806773,72162.415733,3208,True,4,CD4+ T cell,026-196,-1.8810884738099998,0.421839665768,1.2027677921877606,0.4884931250003709,0.511506874999629,0.72,3,0.7018424110840097
1771-026-196-E9,74.8245,3969842.0,200253.037857,79425.71625580001,2499,True,4,CD4+ T cell,026-196,-0.968081890819,0.642703012336,1.4478815914167007,0.6771479733767289,0.322852026623271,0.72,3,0.7688759070347783
1771-026-196-F10,70.3036,5225490.0,530622.655304,64465.353820000004,1364,True,4,CD4+ T cell,026-196,0.59746996399,0.617073541733,-1.2616856863111179,0.5022141160925846,0.4977858839074154,0.72,3,0.027865944677434123
1771-026-196-F11,73.2831,2932485.0,82365.40857,87620.3822624,3805,True,4,CD4+ T cell,026-196,-2.3384003076299997,0.869079901908,1.258942093639553,0.3976961223212442,0.6023038776787558,0.72,3,0.7172049072827198
1771-026-196-F2,67.75399999999999,5657592.0,291681.66663,56284.51227100001,2166,True,4,CD4+ T cell,026-196,-0.578394084815,0.8828864076240001,1.6358846189434029,0.7966167064027937,0.20338329359720625,0.72,3,0.8202908017656638
1771-026-196-F3,71.9242,4688470.0,402280.362088,52509.40974700001,1671,True,4,CD4+ T cell,026-196,0.149835799291,0.897975424932,2.1084711497526767,0.9069066707538922,0.0930933292461078,0.72,3,0.9495333307421837
1771-026-196-F8,83.2316,3870390.0,137862.76314,78914.1686562,3022,True,4,CD4+ T cell,026-196,-1.7369856693,0.433776224948,1.2233862822397936,0.4939858154270908,0.5060141845729093,0.72,3,0.7074811367443427
1771-026-196-F9,87.0662,2301976.0,98357.3602,24567.828069799998,2984,True,4,CD4+ T cell,026-196,-1.7222168671200002,-0.7973052438320001,0.7994947692726736,0.4940101960514554,0.5059898039485446,0.72,3,0.5915556763768234
1771-026-196-G10,83.0855,3760383.0,605064.99867,15870.058997999999,1171,True,4,CD4+ T cell,026-196,0.443562205124,-1.0114280227099999,-0.13040024595963068,0.5686291923658465,0.4313708076341534,0.72,3,0.33724884447139714
1771-026-196-G2,83.5848,6083326.0,157777.170988,55735.11530190001,2673,True,4,CD4+ T cell,026-196,-1.4400194937000002,0.557978776885,1.3084958576703634,0.5208626292478237,0.4791373707521763,0.72,3,0.7307568250080948
1771-026-196-G3,76.5039,4078524.0,147989.572604,49758.3649645,3171,True,4,CD4+ T cell,026-196,-1.81974512015,-0.305384836261,0.9713655991135762,0.4975833252998058,0.5024166747001942,0.72,3,0.6385587525497584
1771-026-196-G4,75.5852,4421601.0,169133.501316,123141.935417,2738,True,4,CD4+ T cell,026-196,-1.1796586091399999,0.528448529074,1.3549326270775042,0.5915797453100817,0.4084202546899182,0.72,3,0.7434563099159718
1771-026-196-G6,71.6991,5907707.0,280485.999234,86027.76119339999,2178,True,4,CD4+ T cell,026-196,-0.504089417759,1.31428618966,1.737825659523639,0.5410741986216219,0.4589258013783781,0.72,3,0.8481695436090385
1771-026-196-G7,80.0014,5726090.0,178866.934518,36003.046466199994,2789,True,4,CD4+ T cell,026-196,-1.60712953183,-0.308290850542,0.9617953132483548,0.5021387005272624,0.4978612994727376,0.72,3,0.6359414795899654
1771-026-196-G8,76.3196,5050024.0,175986.983699,69202.1074108,2856,True,4,CD4+ T cell,026-196,-1.35908577584,-0.0713007158203,1.0664270952326098,0.4972848797532899,0.5027151202467102,0.72,3,0.6645560829131029
1771-026-196-G9,83.4139,5504077.0,157429.813517,56208.3431264,2795,True,4,CD4+ T cell,026-196,-1.5797974534600001,0.516676973845,1.2712532994086951,0.5019466968890912,0.4980533031109088,0.72,3,0.7205717644921911
1771-026-196-H1,78.8762,687074.0,134134.68201,7549.16227799,1977,True,4,CD4+ T cell,026-196,-0.420158693781,0.7738870914210001,1.6732500258170522,0.8651246174998559,0.13487538250014414,0.72,3,0.8305094588067721
1771-026-196-H10,81.9948,3487925.0,79672.470612,61762.8168049,3742,True,4,CD4+ T cell,026-196,-2.45978099757,-0.22589946756299997,1.00432149473927,0.4960846975934808,0.5039153024065189,0.72,3,0.6475715005179603
1771-026-196-H11,79.2618,3276753.0,75474.222828,69813.19936789999,4004,True,4,CD4+ T cell,026-196,-2.64894725376,-0.674443684948,0.9105780949812324,0.4499850438823461,0.5500149561176538,0.72,3,0.6219346419328491
1771-026-196-H12,80.1441,5407784.0,185189.255672,60992.605517799995,2737,True,4,CD4+ T cell,026-196,-1.32641971969,0.632915263522,1.3543468062543478,0.5410433303879496,0.4589566696120505,0.72,3,0.743296100177065
1771-026-196-H3,85.8816,4935022.0,136997.789415,62750.7110319,3044,True,4,CD4+ T cell,026-196,-1.84593513833,-0.410474206221,0.9370443271979428,0.4955108727941562,0.5044891272058438,0.72,3,0.6291726027319223
1771-026-196-H5,76.1748,2751400.0,368792.845339,55156.618080800006,1721,True,4,CD4+ T cell,026-196,0.086220926673,0.6953667485510001,2.076318005003658,0.9354412541575796,0.06455874584242048,0.72,3,0.9407401183440328
1771-026-196-H6,81.1183,4367538.0,86499.649691,60312.88418280001,3705,True,4,CD4+ T cell,026-196,-2.494867203,-0.46089305929700003,0.9503587470610833,0.4777319052780018,0.5222680947219982,0.72,3,0.6328138180073994
1771-026-196-H9,73.9283,5553023.0,142260.133432,92215.8635248,3161,True,4,CD4+ T cell,026-196,-1.8209468226499999,0.110464368611,1.1130333956569611,0.5006184282779408,0.4993815717220592,0.72,3,0.6773019310073507
1771-026-197-A2,65.9754,2137533.0,553154.09448,101157.724703,1191,True,0,CD4+ T cell,026-197,1.02327620576,0.328362408668,-1.1300106611036789,0.5001291084624898,0.4998708915375102,0.72,0,0.06387630923800292
1771-026-197-A3,73.8201,2392321.0,572314.9304,96010.7619882,1042,True,0,CD4+ T cell,026-197,1.21523574403,0.28401803430100003,-1.0508869216952972,0.5012373315348669,0.498762668465133,0.72,0,0.08551499658211059
1771-026-197-A4,74.8803,2189682.0,585975.8916,72486.91806210001,1080,True,0,CD4+ T cell,026-197,1.1441632913200002,0.5497748948100001,-1.1532992058501266,0.5012195770642419,0.4987804229357581,0.72,0,0.0575073794801879
1771-026-197-B10,58.7718,3739022.0,667966.5974600001,94667.7019908,874,True,0,CD4+ T cell,026-197,1.42613730811,0.21874358044599998,-0.9510609485678254,0.500458443679378,0.499541556320622,0.72,0,0.11281531172745157
1771-026-197-B11,60.6465,2951667.0,494772.806367,86136.0227244,1234,True,0,CD4+ T cell,026-197,0.9504768565880001,0.491316099138,-1.1929292997666587,0.5003071394398898,0.4996928605601101,0.72,0,0.04666937791340879
1771-026-197-B8,73.792,2523300.0,542273.609571,85313.4281786,1064,True,0,CD4+ T cell,026-197,1.03930790369,0.46448685890299996,-1.1626124033627616,0.5004290198488973,0.4995709801511027,0.72,0,0.05496041480616388
1771-026-197-C1,64.5199,3420106.0,542076.4952,99748.3247854,1143,True,0,CD4+ T cell,026-197,0.9774459524019999,0.4040743079950001,-1.1651838546061268,0.4997939280416636,0.5002060719583363,0.72,0,0.05425717668961572
1771-026-197-C10,71.6554,2980632.0,612804.256892,93635.4872386,990,True,0,CD4+ T cell,026-197,1.28581441172,0.36137409332500003,-1.0561385738266351,0.5007394538299561,0.499260546170044,0.72,0,0.0840787795964154
1771-026-197-C12,75.9221,2967053.0,727255.321949,1.05032298926,630,True,0,CD4+ T cell,026-197,1.5499139690200001,-0.0791520150061,-0.7970836357661131,0.500118655721935,0.4998813442780649,0.72,0,0.15492488534865445
1771-026-197-C2,64.3005,3689356.0,506028.087867,123671.13559100001,1171,True,0,CD4+ T cell,026-197,1.02358492945,0.0963417276637,-1.0342394869860183,0.5028840217796957,0.4971159782203043,0.72,0,0.09006772168647253
1771-026-197-C4,57.1667,4531569.0,580385.6043,50924.633983,1159,True,0,CD4+ T cell,026-197,1.15947255009,0.550207236608,-1.1492160007524659,0.5012067257145664,0.4987932742854336,0.72,0,0.0586240506477893
1771-026-197-C5,73.0687,2102752.0,789522.0998,49363.41102769999,612,True,0,CD4+ T cell,026-197,1.7178651392700002,0.0319298506889,-0.8282726442209515,0.4991714809526205,0.5008285190473796,0.72,0,0.1463953440558236
1771-026-197-C6,73.57,2684479.0,637265.453831,93336.1709209,967,True,0,CD4+ T cell,026-197,1.35054851786,0.546820996392,-1.0957858589651823,0.5005681856095996,0.4994318143904004,0.72,0,0.07323607659008062
1771-026-197-C7,59.7161,2799635.0,593056.8975,103166.384434,1142,True,0,CD4+ T cell,026-197,1.11171837372,0.72799060027,-1.1946343690191346,0.503820489631242,0.4961795103687579,0.72,0,0.04620307714539343
1771-026-197-C8,79.0922,3101217.0,617229.04654,104965.387084,1046,True,0,CD4+ T cell,026-197,1.12959175894,0.457528118045,-1.1352466221293565,0.5006478144067014,0.4993521855932986,0.72,0,0.062444383441425
1771-026-197-D1,74.1077,4828351.0,613475.8926,68394.3549316,1080,True,0,CD4+ T cell,026-197,1.12140049726,-0.00689952376311,-0.9201679748083428,0.5037028016139131,0.4962971983860869,0.72,0,0.12126389372458041
1771-026-197-D2,76.096,3182494.0,543466.6345,63004.14711030001,1120,True,0,CD4+ T cell,026-197,1.02213879313,0.271231184637,-1.1111338962371493,0.5004594076398772,0.4995405923601229,0.72,0,0.06903870949953303
1771-026-197-D3,76.1856,3939071.0,556261.24327,107990.92916400002,1017,True,0,CD4+ T cell,026-197,1.2182627018799999,0.404783398627,-1.093504446174723,0.5007007911067738,0.4992992088932263,0.72,0,0.07385999525778666
1771-026-197-D4,61.2014,5071242.0,600008.045132,61983.98220850001,1144,True,0,CD4+ T cell,026-197,1.1449873379100002,0.605966970773,-1.1648702100250063,0.5017972798749994,0.4982027201250005,0.72,0,0.054342951920649876
1771-026-197-D6,79.1019,2217431.0,614630.1545,95413.0317352,1006,True,0,CD4+ T cell,026-197,1.16381351025,0.142810051982,-1.0021357780061455,0.5025523925194912,0.4974476074805088,0.72,0,0.09884741443603058
1771-026-197-D8,57.9366,2056163.0,716688.94889,186412.074856,851,True,0,CD4+ T cell,026-197,1.6061757863,0.202995029509,-0.9073749210843466,0.4991285365442984,0.5008714634557017,0.72,0,0.12476252626874201
1771-026-197-D9,57.098,3114832.0,645948.00787,68352.26472030001,975,True,0,CD4+ T cell,026-197,1.27985687311,0.3564455047160001,-1.0571150836533725,0.5007772522940596,0.4992227477059406,0.72,0,0.08381172458881321
1771-026-197-E1,66.3499,2653417.0,564116.07406,123120.66507100001,1133,True,0,CD4+ T cell,026-197,1.07964728472,0.447329073666,-1.146931125560958,0.5004821006317193,0.4995178993682808,0.72,0,0.05924891620974364
1771-026-197-E12,77.8268,2803163.0,610206.8780850001,123170.821006,1017,True,0,CD4+ T cell,026-197,1.14320897641,-0.0509004231581,-0.8750687593068873,0.5030894145469714,0.4969105854530285,0.72,0,0.13359758562283203
1771-026-197-E2,62.8678,3394789.0,513886.1155,86180.1196538,1112,True,0,CD4+ T cell,026-197,1.09390011966,0.321333792568,-1.1056902414045622,0.50062533780942,0.4993746621905801,0.72,0,0.0705274352070432
1771-026-197-E3,76.2658,3296120.0,582078.9524399999,83637.3747095,1021,True,0,CD4+ T cell,026-197,1.1857721380700001,0.0213276284981,-0.9139807537538984,0.5029743162227752,0.4970256837772247,0.72,0,0.12295596923727817
1771-026-197-E7,57.958,3494272.0,369169.605,54791.6507265,1718,True,0,CD4+ T cell,026-197,0.501779973877,0.738262181889,-1.3302607507478807,0.506858766529014,0.49314123347098604,0.72,0,0.00911209924439131
1771-026-197-F1,59.4072,3172097.0,490577.7818,103437.877846,1154,True,0,CD4+ T cell,026-197,1.0759698519299998,0.15148834888,-1.0429778363888256,0.5022865729891922,0.4977134270108078,0.72,0,0.08767796594382513
1771-026-197-F10,69.5242,2133670.0,498328.1028,110362.40689700001,1252,True,0,CD4+ T cell,026-197,0.9804893748819999,0.436127732536,-1.1722122690119137,0.4999752744425066,0.5000247255574934,0.72,0,0.05233505239431816
1771-026-197-F11,62.0416,2549664.0,523383.49696,110392.935205,1227,True,0,CD4+ T cell,026-197,0.936099130442,0.284809045268,-1.1424103796628675,0.499522285767998,0.5004777142320019,0.72,0,0.06048524563227059
1771-026-197-F2,55.1162,3545059.0,626201.328008,48613.0386385,923,True,0,CD4+ T cell,026-197,1.4610782522699999,0.337148891977,-0.9932722739750532,0.4998682933334371,0.5001317066665629,0.72,0,0.10127139735109647
1771-026-197-F3,58.702,3459632.0,542463.282352,126923.799324,1137,True,0,CD4+ T cell,026-197,1.09810861598,0.57861045817,-1.1714585370455315,0.5015566191621053,0.4984433808378947,0.72,0,0.052541182317951116
1771-026-197-F4,73.8126,3766285.0,558904.101182,54959.440836199996,1129,True,0,CD4+ T cell,026-197,0.998234523848,0.238073980445,-1.1066496306374842,0.5005527505299927,0.4994472494700073,0.72,0,0.0702650623236617
1771-026-197-F6,75.1639,3250568.0,544571.642558,98172.5337755,1105,True,0,CD4+ T cell,026-197,1.06277293715,-0.0557126819284,-0.9071291028710604,0.5042980985595324,0.4957019014404676,0.72,0,0.12482975240720005
1771-026-197-F7,73.2848,3814629.0,830467.4948399998,54631.797777600004,539,True,0,CD4+ T cell,026-197,1.79538488882,0.203490454378,-0.8822127635093606,0.497992156693706,0.502007843306294,0.72,0,0.13164384993644793
1771-026-197-F8,54.1988,4665858.0,594449.8849770001,101185.749035,1134,True,0,CD4+ T cell,026-197,1.1926973893600001,0.43375666982100003,-1.1101047665232,0.5006798333659862,0.4993201666340138,0.72,0,0.06932015494540285
1771-026-197-G1,77.0438,2401766.0,600524.64433,114457.296158,882,True,0,CD4+ T cell,026-197,1.27646695361,0.16261222351399998,-0.9690833294017416,0.5018528604613214,0.4981471395386786,0.72,0,0.10788656762388056
1771-026-197-G12,64.7867,3590769.0,564803.951172,107425.307001,1029,True,0,CD4+ T cell,026-197,1.17840022964,0.18657018764000002,-1.0204822203326194,0.5020941333637086,0.4979058666362914,0.72,0,0.09383004629408433
1771-026-197-G2,65.3781,2977250.0,630974.3175,62110.661448,992,True,0,CD4+ T cell,026-197,1.24217969646,0.431037291898,-1.094208531709005,0.5006702742206021,0.4993297257793979,0.72,0,0.07366744259465732
1771-026-197-G3,73.1232,2969007.0,442620.98642,79938.7901609,1266,True,0,CD4+ T cell,026-197,0.849087068979,0.47548906581999995,-1.2173129525098318,0.499559988605846,0.500440011394154,0.72,0,0.04000095902974663
1771-026-197-G4,71.827,2665988.0,574849.6341,88507.26080369997,1062,True,0,CD4+ T cell,026-197,1.14358376625,0.342625342685,-1.096936688301704,0.5007441951045996,0.4992558048954004,0.72,0,0.07292134884357093
1771-026-197-G5,79.1414,2688941.0,760827.252202,15236.3276799,556,True,0,CD4+ T cell,026-197,1.56204280379,-0.256151896421,-0.723253230348137,0.5002907684190191,0.499709231580981,0.72,0,0.1751159565906572
1771-026-197-G6,69.961,3977681.0,633637.335164,106364.232163,961,True,0,CD4+ T cell,026-197,1.25884263946,0.37483595599799996,-1.0704245057341553,0.5007478430764255,0.4992521569235746,0.72,0,0.08017187610224998
1771-026-197-G7,65.8239,5581610.0,637871.067826,58562.9371819,791,True,0,CD4+ T cell,026-197,1.39024405063,0.0967555888427,-0.8998898342006239,0.5009709513463803,0.4990290486536198,0.72,0,0.12680954093250044
1771-026-197-G9,73.7304,3144122.0,715961.9837600002,28373.963768999998,713,True,0,CD4+ T cell,026-197,1.52697357928,0.0454847069769,-0.8529045422292003,0.5000406692093944,0.4999593307906056,0.72,0,0.1396590352858164
1771-026-197-H10,65.2551,4953661.0,527500.71827,94232.2211178,1161,True,0,CD4+ T cell,026-197,1.04886584476,0.436012018998,-1.1529029652502671,0.5003185645810491,0.499681435418951,0.72,0,0.05761574299431792
1771-026-197-H11,73.1252,2788723.0,673467.89135,73301.2234383,947,True,0,CD4+ T cell,026-197,1.26274382723,0.332359967578,-1.0537619670518483,0.5009134443530904,0.4990865556469096,0.72,0,0.08472873182723793
1771-026-197-H12,70.9971,1392474.0,694140.52433,198097.125589,798,True,0,CD4+ T cell,026-197,1.47997928183,0.130663009701,-0.8979905955602678,0.5002026472425645,0.4997973527574355,0.72,0,0.1273289429657941
1771-026-197-H2,67.9829,3792778.0,543969.677945,109772.786247,1144,True,0,CD4+ T cell,026-197,1.0817475808299999,0.44742643542300004,-1.1463878560897516,0.5004889815707877,0.4995110184292124,0.72,0,0.059397489044128525
1771-026-197-H5,60.4208,3837022.0,699233.512112,61247.4781863,799,True,0,CD4+ T cell,026-197,1.50985459326,0.21505504169700002,-0.92994587397358,0.4997969235070528,0.5002030764929474,0.72,0,0.11858984287080634
1771-026-197-H6,66.6012,3747673.0,645704.36126,169511.15738299998,1005,True,0,CD4+ T cell,026-197,1.31293692831,0.27162152931600003,-1.0109185964559866,0.501068947661734,0.498931052338266,0.72,0,0.09644549733937678
1771-026-197-H8,74.9279,3348585.0,435945.9471,89846.46547139998,1283,True,0,CD4+ T cell,026-197,0.8452150666410001,0.35157832843599995,-1.1897864706875767,0.4983829551038438,0.5016170448961562,0.72,0,0.04752887591396742
1771-026-197-H9,75.6054,2810962.0,799521.67849,162422.94137000002,552,True,0,CD4+ T cell,026-197,1.8611373604900003,0.361423877799,-0.9262294622656296,0.4968842424274583,0.5031157575725418,0.72,0,0.1196062037201749
1771-026-198-A1,65.9346,4070491.0,442175.73911,30617.851100200005,1667,True,7,CD4+ T cell,026-198,0.32371935701,0.5839566586680001,2.2291450309818552,0.9254900216776744,0.07450997832232563,0.72,4,0.9825351125846831
1771-026-198-A10,71.4342,2612064.0,422345.1374,38183.4235385,1567,True,7,CD4+ T cell,026-198,0.46771909013999996,1.9181022971200001,2.147413626879712,0.12687460399181566,0.8731253960081844,0.72,4,0.960183283502982
1771-026-198-A11,75.8597,2061908.0,371023.05918000004,20083.1247202,2041,True,7,CD4+ T cell,026-198,0.00813226844912,1.1596167514700002,2.024118057984172,0.8410688314577348,0.15893116854226527,0.72,4,0.9264645249332646
1771-026-198-A12,71.3692,3190545.0,297665.342634,73848.9272539,2134,True,7,CD4+ T cell,026-198,-0.19608199892,1.79485889186,1.9080848274670985,0.15934992057231126,0.8406500794276888,0.72,4,0.8947318639713415
1771-026-198-A2,73.149,3345290.0,363459.22540399997,4010.46013645,2078,True,7,CD4+ T cell,026-198,-0.10816951924000001,1.1845814702500002,1.9067044299964515,0.8138533909369491,0.1861466090630511,0.72,4,0.8943543541430488
1771-026-198-A3,70.4733,3770943.0,546770.4293,61550.87095619999,1554,True,7,CD4+ T cell,026-198,0.7903562780419999,1.96687921051,2.2029192186401496,0.11786623853037265,0.8821337614696273,0.72,4,0.9753629015914892
1771-026-198-A4,55.6574,3680252.0,331120.776588,80896.222872,2321,True,7,CD4+ T cell,026-198,-0.18587534315499998,1.69179261821,1.9044677200022684,0.2192438522653797,0.7807561477346203,0.72,4,0.8937426607548766
1771-026-198-A6,72.8043,2866276.0,308692.251844,61588.99982590001,2232,True,7,CD4+ T cell,026-198,-0.23237660866,0.807202430521,1.7751426889355877,0.8991076001385621,0.10089239986143812,0.72,4,0.8583749704264987
1771-026-198-A7,72.3484,2531729.0,393020.92215,31207.162459400013,1902,True,7,CD4+ T cell,026-198,0.035161957177800005,1.24319551923,2.035318973382962,0.7934316449378217,0.2065683550621783,0.72,4,0.9295277409553391
1771-026-198-A9,63.7938,2449400.0,370426.38453000004,46361.4576586,1860,True,7,CD4+ T cell,026-198,0.264179428008,2.0445473444799998,2.085411808770528,0.0948840499458335,0.9051159500541666,0.72,4,0.9432270834186274
1771-026-198-B10,75.1958,2548089.0,258191.52858,60326.70912560001,2536,True,7,CD4+ T cell,026-198,-0.744129167974,0.830245524754,1.573451770625875,0.7539561181709659,0.2460438818290341,0.72,4,0.8032167239371081
1771-026-198-B11,72.5945,3992448.0,390117.93807,37755.1686625,1848,True,7,CD4+ T cell,026-198,0.19931164052499997,2.07582467788,2.063734139792565,0.08865588153788886,0.9113441184621112,0.72,4,0.9372986944816213
1771-026-198-B12,61.2154,3388452.0,587645.7127800001,63397.9958727,1404,True,7,CD4+ T cell,026-198,0.790492427863,1.5223455199899998,2.236668369261801,0.3780390221486801,0.6219609778513197,0.72,4,0.9845925882050336
1771-026-198-B2,60.2064,3690296.0,383084.74546,67970.91148099999,2045,True,7,CD4+ T cell,026-198,-0.0469427182839,0.941890763754,1.9955081468710905,0.9058335003106172,0.09416649968938264,0.72,4,0.9186403128049243
1771-026-198-B3,67.8749,2997494.0,230463.47836399998,64729.2620413,2473,True,7,CD4+ T cell,026-198,-0.497606934183,1.95709546175,1.8209027201700747,0.1019213721494529,0.8980786278505472,0.72,4,0.8708893816025051
1771-026-198-B4,72.2658,4103331.0,415404.907914,74124.92815339999,1746,True,7,CD4+ T cell,026-198,0.21969498479400001,0.9409951283820001,2.1559003105734083,0.8899191173676786,0.1100808826323214,0.72,4,0.9625042139394016
1771-026-198-B5,65.0717,3281108.0,455042.5402,67347.0715472,1679,True,7,CD4+ T cell,026-198,0.355865006972,0.8633355118799999,2.2123145895188583,0.8906084604110435,0.10939153958895646,0.72,4,0.9779323389619476
1771-026-198-B7,68.7108,3782967.0,530929.0450899999,19754.4307743,1299,True,7,CD4+ T cell,026-198,0.7687848299179999,1.64055184391,2.223756426139984,0.2674843687900878,0.7325156312099123,0.72,4,0.9810614418979077
1771-026-198-B8,53.3043,3836031.0,338748.11337,62830.65789069999,2101,True,7,CD4+ T cell,026-198,-0.13440012201999998,0.27531856545600003,1.7097064512152182,0.9427647743301386,0.057235225669861466,0.72,4,0.8404795284315545
1771-026-198-B9,71.0302,2153366.0,282835.45963,80964.7713381,2121,True,7,CD4+ T cell,026-198,-0.155028530523,1.7374160946900001,1.9205296154297025,0.19166941863015688,0.808330581369843,0.72,4,0.8981352531159902
1771-026-198-C1,54.4563,4383683.0,337415.96629,132862.342568,2025,True,7,CD4+ T cell,026-198,0.146393357926,1.37675245411,2.0873508827139973,0.6549158670292008,0.34508413297079915,0.72,4,0.9437573795739099
1771-026-198-C10,79.5852,3394065.0,760203.3138850002,36835.0996286,851,True,7,CD4+ T cell,026-198,1.22840144312,0.855861628611,-1.1434078168795527,0.5031222047735375,0.4968777952264624,0.72,4,0.060212467421349204
1771-026-198-C4,68.4162,4060431.0,302995.22698000004,85192.36065660001,2183,True,7,CD4+ T cell,026-198,-0.201395646707,1.9282869895599997,1.9148719061223225,0.11376015115087085,0.8862398488491292,0.72,4,0.8965879879879561
1771-026-198-C5,59.636,4679497.0,504789.25251099997,67420.0856122,1666,True,7,CD4+ T cell,026-198,0.38265822337399996,0.958222382375,2.2106441139812514,0.8686753176429995,0.13132468235700046,0.72,4,0.9774754988511979
1771-026-198-C6,69.3511,3521581.0,262661.829335,43371.2069855,2429,True,7,CD4+ T cell,026-198,-0.5445987173529999,1.76456844167,1.7872436440332091,0.15342071930641987,0.8465792806935801,0.72,4,0.8616843284760599
1771-026-198-C7,66.087,3132594.0,251612.86433200003,109084.419948,2332,True,7,CD4+ T cell,026-198,-0.41790382854900004,0.8087599565000001,1.6889240631369031,0.864118210937145,0.135881789062855,0.72,4,0.8347959800900192
1771-026-198-C8,68.9471,3598865.0,349773.92088600004,46467.3987585,1958,True,7,CD4+ T cell,026-198,0.159866663676,2.18917465584,2.048378676357311,0.07255497641878247,0.9274450235812176,0.72,4,0.9330992964907808
1771-026-198-C9,64.5473,2890776.0,337755.854216,60662.9963285,1858,True,7,CD4+ T cell,026-198,0.243786624067,2.16136841233,2.074801278270602,0.07672702189372557,0.9232729781062744,0.72,4,0.9403253253146784
1771-026-198-D10,73.3341,3794558.0,595906.98418,54554.238263900006,1211,True,7,CD4+ T cell,026-198,0.862552596107,1.03818610956,2.2930069084918396,0.7878212663945047,0.21217873360549536,0.72,4,1.0
1771-026-198-D12,72.653,2994530.0,432917.74066400004,54105.3693466,1734,True,7,CD4+ T cell,026-198,0.214127951208,1.7168221843,2.086792955206733,0.22000619970326066,0.7799938002967394,0.72,4,0.9436047980733306
1771-026-198-D2,67.7853,3841894.0,369831.80365,81621.28860419999,1872,True,7,CD4+ T cell,026-198,0.157080577316,1.11833524077,2.11648367517391,0.8455945912242643,0.15440540877573575,0.72,4,0.9517245888111675
1771-026-198-D3,70.5626,3476437.0,341248.9789,70115.858575,2042,True,7,CD4+ T cell,026-198,0.0102392934846,1.70051580494,1.9942241483010479,0.22870735582791396,0.7712926441720861,0.72,4,0.9182891660591413
1771-026-198-D4,71.5972,3122289.0,361257.027043,87848.79212360001,1986,True,7,CD4+ T cell,026-198,0.00667481432337,1.5888252425999998,1.9926824102509069,0.34601670206437324,0.6539832979356267,0.72,4,0.9178675329578375
1771-026-198-D6,74.0735,3681043.0,419531.39671,67193.27356080001,1847,True,7,CD4+ T cell,026-198,0.08502674441510001,0.962453981399,2.092506313845482,0.8965516356486498,0.10344836435135016,0.72,4,0.945167282129229
1771-026-198-D7,78.3975,2977245.0,500918.99125,26795.996823299996,1564,True,7,CD4+ T cell,026-198,0.35877931529600005,0.960725121653,2.203078878365582,0.8708930518516937,0.12910694814830626,0.72,4,0.9754065651860806
1771-026-198-D8,55.4547,2167754.0,334847.33757,83658.2504147,2256,True,7,CD4+ T cell,026-198,-0.20560808260699998,1.29179122462,1.8596855669763035,0.7037064880062575,0.2962935119937425,0.72,4,0.881495678810262
1771-026-198-D9,66.6507,2935139.0,463809.64188999997,69033.38717589999,1712,True,7,CD4+ T cell,026-198,0.35354786814000005,1.36770511361,2.163307013325884,0.6276261134100127,0.3723738865899872,0.72,4,0.9645297921831743
1771-026-198-E1,67.4156,5389284.0,356061.811355,76227.61480089999,1988,True,7,CD4+ T cell,026-198,0.08395539273409999,1.7508614512799998,2.029038450800089,0.19547236235140408,0.8045276376485959,0.72,4,0.9278101494266204
1771-026-198-E11,55.7048,3513520.0,565627.408753,108077.64850899999,1497,True,7,CD4+ T cell,026-198,0.767386289624,1.54687025208,2.231325882057073,0.35337029238176104,0.6466297076182389,0.72,4,0.9831315297271686
1771-026-198-E12,76.9014,3708030.0,411504.45201,16015.0231351,1739,True,7,CD4+ T cell,026-198,0.264432221674,2.00855189228,2.0872286355275014,0.10199260817174913,0.8980073918282508,0.72,4,0.9437239475259926
1771-026-198-E2,65.1174,3430029.0,376091.947642,42584.53036100001,1903,True,7,CD4+ T cell,026-198,0.149058367493,2.06323286246,2.047206237994219,0.09021494836990812,0.909785051630092,0.72,4,0.9327786591275965
1771-026-198-E3,61.5178,3645297.0,500705.95265,135240.98276500002,1769,True,7,CD4+ T cell,026-198,0.498688873733,1.63433549466,2.17582504165151,0.2807217500864954,0.7192782499135046,0.72,4,0.9679532110348144
1771-026-198-E4,46.6232,3510657.0,398223.96954,84107.05867839999,2026,True,7,CD4+ T cell,026-198,0.09488292731289999,0.621263564472,2.10344789117214,0.9398842138010218,0.06011578619897825,0.72,4,0.9481595746143064
1771-026-198-E5,62.58600000000001,3663699.0,447025.319661,94261.08231510001,1772,True,7,CD4+ T cell,026-198,0.185997001284,1.7446992220200002,2.073835635280942,0.20083818962291414,0.7991618103770858,0.72,4,0.9400612421596668
1771-026-198-E7,77.1536,3206392.0,478380.01838,48864.2782993,1467,True,7,CD4+ T cell,026-198,0.481396392201,1.34889914871,2.19743112851586,0.6252408834524256,0.3747591165475744,0.72,4,0.9738620237613494
1771-026-198-E9,73.0716,2997318.0,324769.726436,29741.333047400003,2010,True,7,CD4+ T cell,026-198,0.0167792904705,2.26559698384,2.00236846180143,0.06363379892452216,0.9363662010754776,0.72,4,0.9205164654105735
1771-026-198-F1,69.0904,4250628.0,653069.91559,186995.382897,1393,True,7,CD4+ T cell,026-198,0.954645989165,1.5194668859799998,2.256924841825399,0.3720839375868182,0.6279160624131818,0.72,4,0.9901323096562136
1771-026-198-F10,73.7634,3162841.0,519570.744834,30189.9989385,1346,True,7,CD4+ T cell,026-198,0.638932832128,1.64767004496,2.2024105103244405,0.2647627667820869,0.7352372332179129,0.72,4,0.9752237805100631
1771-026-198-F2,73.7344,3723644.0,470559.19806,54744.55646460001,1620,True,7,CD4+ T cell,026-198,0.402632574215,1.0545250844299998,2.206711757701088,0.8384213487079129,0.16157865129208718,0.72,4,0.9764000816792046
1771-026-198-F3,64.6885,3670863.0,365540.76681999996,163957.909422,1893,True,7,CD4+ T cell,026-198,0.15291001869100002,1.24613289253,2.1030648214393204,0.7785441950630975,0.22145580493690256,0.72,4,0.9480548130567581
1771-026-198-F4,64.0583,2743363.0,213027.332703,97766.90563139999,2919,True,7,CD4+ T cell,026-198,-1.03375944942,0.735703199744,1.4618522664301496,0.6447018013959048,0.35529819860409523,0.72,4,0.7726965943640494
1771-026-198-F5,80.3157,3546910.0,917072.5865389999,27179.937209500004,437,True,7,CD4+ T cell,026-198,1.83429774448,0.08307786953639999,-0.8056189700045071,0.4969456489019098,0.5030543510980903,0.72,4,0.1525906500061006
1771-026-198-F6,62.486999999999995,2395762.0,168376.980046,68556.2250542,3310,True,7,CD4+ T cell,026-198,-1.64080186942,1.02455116166,1.3950414228863983,0.3756104452344482,0.6243895547655518,0.72,4,0.7544252264351698
1771-026-198-F7,68.5744,3265566.0,403645.27315900003,79292.0454427,1787,True,7,CD4+ T cell,026-198,0.19858288774799998,1.8215009744400001,2.0742598548714954,0.15931540483385892,0.8406845951661409,0.72,4,0.9401772573423903
1771-026-198-F8,63.4579,3414329.0,590427.818205,102227.784772,1417,True,7,CD4+ T cell,026-198,0.750735465044,1.33763900756,2.247750961333487,0.5937153511676092,0.4062846488323907,0.72,4,0.987623445272642
1771-026-198-F9,65.0317,3462932.0,431623.348512,35901.1490327,1802,True,7,CD4+ T cell,026-198,0.258930983054,1.9449795572400002,2.0886352246611883,0.11699143587187025,0.8830085641281297,0.72,4,0.9441086202261589
1771-026-198-G1,74.9453,4902411.0,290546.527854,27507.487596,2074,True,7,CD4+ T cell,026-198,0.07965783006249999,2.46731352208,2.0229107928917944,0.04946380176142323,0.9505361982385768,0.72,4,0.9261343631882465
1771-026-198-G11,61.1182,4082438.0,579685.94343,55965.60719169999,1177,True,7,CD4+ T cell,026-198,0.931718219052,0.445583743873,-1.1197656130700535,0.5006771533712172,0.4993228466287828,0.72,4,0.06667811553384516
1771-026-198-G12,68.6598,3385587.0,605034.72892,65455.02403099999,1180,True,7,CD4+ T cell,026-198,0.8096027184319999,0.33253184935400004,-1.1164416859861388,0.5004438138135018,0.4995561861864983,0.72,4,0.067587140049891
1771-026-198-G3,56.7101,3515768.0,252407.70101999998,35368.4376426,2331,True,7,CD4+ T cell,026-198,-0.100776734219,2.61713305375,1.975468528471336,0.04168987840262323,0.9583101215973768,0.72,4,0.91315989643065
1771-026-198-G5,76.5317,3491952.0,376093.76903,7597.16667519,1830,True,7,CD4+ T cell,026-198,0.119341308563,2.05714398335,2.0369254198111157,0.09093398173127558,0.9090660182687244,0.72,4,0.9299670704442358
1771-026-198-G6,76.613,3531894.0,332608.04651,92744.198565,1998,True,7,CD4+ T cell,026-198,0.07472957937699999,2.2887367209700002,2.020891866556018,0.06194154493366344,0.9380584550663368,0.72,4,0.9255822290742965
1771-026-198-H1,69.6584,332283.0,164177.49712,5600.60759863,2152,True,7,CD4+ T cell,026-198,0.000486690748917,1.8908484845400002,1.9914394714617705,0.1290034614089029,0.870996538591097,0.72,4,0.9175276152031019
1771-026-198-H10,77.9345,4161608.0,651588.04212,64516.1172098,621,True,7,CD4+ T cell,026-198,1.50863857656,-0.022127394232,-0.7846841192044446,0.4982723205401025,0.5017276794598975,0.72,4,0.1583158937122911
1771-026-198-H11,72.3721,3759263.0,389876.724208,41280.594818,983,True,7,CD4+ T cell,026-198,1.0968661637600001,1.4149072754499998,2.2788460186994532,0.4756465933204431,0.524353406679557,0.72,4,0.9961272929082601
1771-026-198-H2,53.1493,497841.0,632199.31226,55043.6814543,1382,True,7,CD4+ T cell,026-198,0.9648304069760001,1.37355836217,2.270484155302816,0.5304839076087228,0.4695160923912773,0.72,4,0.9938404982116636
1771-026-198-H4,2.49667,1591801.0,360801.3373,81256.7392269,1253,True,7,CD4+ T cell,026-198,0.998506846956,0.837971679153,-1.1895622455991999,0.5052407753179292,0.4947592246820709,0.72,4,0.04759019678452245
1771-026-198-H5,57.1925,1001463.0,396237.5078,46026.86676530001,1479,True,7,CD4+ T cell,026-198,0.591641668706,1.8532954151900003,2.177894366096992,0.14934960137370204,0.8506503986262979,0.72,4,0.9685191279773666
1771-026-198-H7,64.8414,1277179.0,310461.09343,81846.20015219999,2205,True,7,CD4+ T cell,026-198,-0.20266142478799998,0.897857406477,1.808102447675524,0.8895430616451858,0.1104569383548142,0.72,4,0.8673887748756239
1771-026-198-H8,67.0157,2771213.0,308442.205218,58688.268590199994,1924,True,7,CD4+ T cell,026-198,0.0798575144042,2.21336496177,2.0224351002419154,0.06920630986839256,0.9307936901316076,0.72,4,0.9260042712006891
1771-026-198-H9,67.6786,3505080.0,526991.579014,45442.77677,1385,True,7,CD4+ T cell,026-198,0.685498759823,1.66270613474,2.209157574385673,0.2520092517512433,0.7479907482487568,0.72,4,0.9770689613723847
1771-030-012-A1,73.2234,1942921.0,516741.31329799996,55672.525875900006,1679,True,2,CD4+ T cell,030-012,-0.09334334663680001,-2.0534505301299997,0.1404156302867786,0.4598001014326398,0.5401998985673601,0.72,1,0.41131132076148813
1771-030-012-A8,73.2838,1030661.0,777397.067983,79016.356552,938,True,2,CD4+ T cell,030-012,1.17990386066,-0.39628623890799997,-0.6405362516563441,0.4996723785973802,0.5003276214026198,0.72,1,0.19773731970296884
1771-030-012-B12,77.6046,2760326.0,587982.696489,23684.7250495,1189,True,2,CD4+ T cell,030-012,0.392264201149,-2.10836828594,0.01160590607774224,0.4527488361378503,0.5472511638621497,0.72,1,0.3760845560777046
1771-030-012-B2,73.5088,2117569.0,707773.5478439998,8203.59647546,957,True,2,CD4+ T cell,030-012,0.740680974921,-1.83346423575,-0.10440985657111244,0.4827138817543126,0.5172861182456875,0.72,1,0.34435667221228605
1771-030-012-B3,68.6538,2344104.0,682545.4802989999,15115.0177631,858,True,2,CD4+ T cell,030-012,1.01582535015,-0.8730758688700001,-0.3970025086851223,0.5078478932890914,0.4921521067109087,0.72,1,0.26433870332433385
1771-030-012-B7,71.6057,1739641.0,818800.86353,23254.8451552,758,True,2,CD4+ T cell,030-012,1.4293135136000001,-0.403976875215,-0.6511696175661521,0.5000270108632188,0.4999729891367812,0.72,1,0.19482931659216726
1771-030-012-B8,69.5409,1254974.0,813948.8940000002,24605.766401900004,619,True,2,CD4+ T cell,030-012,1.5109299523100002,-0.827865872447,-0.50400432073945,0.5007519937912528,0.4992480062087473,0.72,1,0.23507594636151904
1771-030-012-B9,66.9959,1816269.0,720123.558347,19848.8381849,1039,True,2,CD4+ T cell,030-012,0.860190408509,-1.8776525611900001,-0.12923659867370474,0.4752773465854277,0.5247226534145724,0.72,1,0.3375670776588987
1771-030-012-C1,70.4609,1668498.0,577829.12146,60829.1246315,1333,True,2,CD4+ T cell,030-012,0.287481925583,-1.6303174078600002,0.00709499546747815,0.5279281073016567,0.4720718926983434,0.72,1,0.37485091640062956
1771-030-012-C11,72.1103,2543459.0,731636.443695,87312.2688272,922,True,2,CD4+ T cell,030-012,1.0090212102200002,-0.43493906980700003,-0.6038356539160054,0.499648944555424,0.500351055444576,0.72,1,0.20777416535489374
1771-030-012-C12,78.8693,1002670.0,917918.93975,14707.2620139,426,True,2,CD4+ T cell,030-012,1.73981968137,-0.9014152946189999,-0.5102363093567458,0.5000877028214895,0.4999122971785106,0.72,1,0.23337162785698415
1771-030-012-C2,74.9695,2444981.0,550879.357543,49595.5291489,1455,True,2,CD4+ T cell,030-012,0.09472559084180003,-2.2072491397,0.09308837761874307,0.4332705941377682,0.5667294058622317,0.72,1,0.3983683073119655
1771-030-012-C4,73.2012,3089156.0,809839.110792,30776.2842351,797,True,2,CD4+ T cell,030-012,1.18050943671,-1.6543615372,-0.23755238410938986,0.4858660215484813,0.5141339784515186,0.72,1,0.3079449764665231
1771-030-012-C6,71.6971,841673.0,788197.0473600002,68705.01736059999,942,True,2,CD4+ T cell,030-012,1.14761489769,-1.51505374303,-0.2559691144531745,0.4940302109904103,0.5059697890095897,0.72,1,0.3029083860223702
1771-030-012-C7,75.1937,2485200.0,591528.2121,42658.9313681,1282,True,2,CD4+ T cell,030-012,0.346507430926,-2.08696641846,0.022240052661864337,0.4562701945541543,0.5437298054458457,0.72,1,0.3789927726865982
1771-030-012-C8,74.1867,1992096.0,763199.557588,99590.94875920001,825,True,2,CD4+ T cell,030-012,1.22010111156,-0.0668265233255,-0.8254837829100653,0.5012314685811688,0.4987685314188311,0.72,1,0.1471580392773029
1771-030-012-C9,71.2638,2239455.0,707138.306912,52063.0311109,966,True,2,CD4+ T cell,030-012,0.777103580723,-1.8827724323800001,-0.10787205795033193,0.4766024758693328,0.5233975241306673,0.72,1,0.3434098325693744
1771-030-012-D10,69.2385,2228965.0,848999.17026,74073.4992871,675,True,2,CD4+ T cell,030-012,1.52067043693,-0.00783417759198,-0.8197034660753112,0.4996411062697718,0.5003588937302283,0.72,1,0.14873883499894539
1771-030-012-D11,71.5542,989391.0,756688.4244,55109.6724895,804,True,2,CD4+ T cell,030-012,1.2166799640200001,-1.4701619811000002,-0.2804234899504257,0.4943465331122841,0.5056534668877161,0.72,1,0.2962206259450909
1771-030-012-D4,69.9418,1750396.0,763901.134342,51175.5593827,833,True,2,CD4+ T cell,030-012,1.12034980468,-1.49064470465,-0.2545069360008561,0.4958925008080346,0.5041074991919654,0.72,1,0.3033082612381725
1771-030-012-D5,69.4197,1501304.0,770371.819101,17207.390782,812,True,2,CD4+ T cell,030-012,1.13718879078,-1.63626707368,-0.23098499143069925,0.4878382203976242,0.5121617796023756,0.72,1,0.3097410209647071
1771-030-012-D6,72.741,2192056.0,429195.26382,12346.6568867,1349,True,2,CD4+ T cell,030-012,0.227023316012,-2.35866721026,0.06523460691199619,0.4091977468329303,0.5908022531670698,0.72,1,0.3907508837651973
1771-030-012-D7,61.6079,1026298.0,723801.7934590002,34642.9459225,796,True,2,CD4+ T cell,030-012,1.31014627809,-0.925712044227,-0.4413941486435792,0.5021038402740321,0.4978961597259679,0.72,1,0.25219851853357955
1771-030-012-D9,72.5508,2331902.0,696576.5088399999,3193.06538213,988,True,2,CD4+ T cell,030-012,0.668195319268,-2.03988832635,-0.06359227458671371,0.4603147254100487,0.5396852745899513,0.72,1,0.35551942692164357
1771-030-012-E10,69.4375,2554624.0,685822.27099,21972.7032082,1110,True,2,CD4+ T cell,030-012,0.679298190117,-1.71641963634,-0.10260354943335123,0.4967651316914136,0.5032348683085864,0.72,1,0.3448506594238827
1771-030-012-E11,68.6843,2345988.0,603850.526033,38830.875607199996,1215,True,2,CD4+ T cell,030-012,0.577062579419,-2.0578545961400003,-0.03929753477919549,0.45892810511205606,0.5410718948879439,0.72,1,0.36216352997759244
1771-030-012-E2,71.0213,1352920.0,738005.27022,80675.81458630001,843,True,2,CD4+ T cell,030-012,1.1419200294399998,-1.48697019139,-0.2602238641410837,0.4954661185839488,0.5045338814160512,0.72,1,0.30174480099829903
1771-030-012-E3,69.5736,1774938.0,912194.2025,211591.93876199998,741,True,2,CD4+ T cell,030-012,1.7079755427399999,-0.741652479603,-0.5530053283990383,0.5007114774394829,0.4992885225605172,0.72,1,0.22167519593920348
1771-030-012-E6,73.2606,1413196.0,820515.19517,25382.420619099998,679,True,2,CD4+ T cell,030-012,1.39187368966,-0.552984888944,-0.5875864341760852,0.5003680110598439,0.4996319889401562,0.72,1,0.21221798699637429
1771-030-012-E7,69.9717,1997047.0,741438.34125,22335.5696388,885,True,2,CD4+ T cell,030-012,1.0849712833,-1.60847648925,-0.22404248003196955,0.4907229937097573,0.5092770062902428,0.72,1,0.31163965258479076
1771-030-012-E8,51.8282,209166.0,873683.15184,61216.9097615,750,True,2,CD4+ T cell,030-012,1.65005560117,-0.8273753487019999,-0.5212461453717518,0.5005020237040195,0.4994979762959805,0.72,1,0.23036066804871483
1771-030-012-E9,70.7552,2357001.0,802499.0377600002,48296.2708648,748,True,2,CD4+ T cell,030-012,1.4906876002200002,-0.19694968022599998,-0.7399758200174568,0.499883748395536,0.5001162516044639,0.72,1,0.17054267817707552
1771-030-012-F1,70.9621,1651905.0,768579.438621,57246.44720340001,724,True,2,CD4+ T cell,030-012,1.3628027684900001,-0.33844641957500005,-0.6770848438302182,0.4998848804147281,0.500115119585272,0.72,1,0.18774204439329378
1771-030-012-F11,70.7368,2769569.0,645359.5947199999,51219.8802383,1127,True,2,CD4+ T cell,030-012,0.6607857278029999,-1.8123357497099999,-0.08570224495887778,0.4874535037895708,0.5125464962104292,0.72,1,0.3494728125976994
1771-030-012-F12,75.432,1765550.0,883350.209844,10891.996400299999,612,True,2,CD4+ T cell,030-012,1.39714537849,-1.38754011602,-0.33504606432623024,0.4941141379980374,0.5058858620019625,0.72,1,0.28128249463726884
1771-030-012-F2,65.7487,1243189.0,789288.71733,958.6249004839999,647,True,2,CD4+ T cell,030-012,1.3930738567899998,-1.5158910505599998,-0.3074263139382237,0.4894597587131802,0.5105402412868199,0.72,1,0.2888359185229082
1771-030-012-F5,78.4887,2584845.0,701038.6451229999,210153.75298699999,815,True,2,CD4+ T cell,030-012,0.879541528197,-1.69307299266,-0.15955792353318102,0.4911610339780153,0.5088389660219848,0.72,1,0.3292748296761925
1771-030-012-F6,76.3353,3316851.0,390623.712904,38358.969417500004,1960,True,2,CD4+ T cell,030-012,-0.54284812892,-2.1397038556,0.2601467612333239,0.4194287592290471,0.580571240770953,0.72,1,0.4440552801253988
1771-030-012-F9,68.8644,2585339.0,820587.942413,31786.8943962,783,True,2,CD4+ T cell,030-012,1.3679291102200002,-0.169008166283,-0.7565786759237021,0.500086455972824,0.499913544027176,0.72,1,0.16600214444268965
1771-030-012-G1,74.0151,3370301.0,441168.34951800003,36036.63704719998,1571,True,2,CD4+ T cell,030-012,-0.136289859715,-1.9405672325799999,0.15183059057449033,0.4828790442934168,0.5171209557065832,0.72,1,0.4144330735825515
1771-030-012-G10,71.9739,2832727.0,725752.1052270002,39487.454203199995,1023,True,2,CD4+ T cell,030-012,0.671029602549,-1.74863513906,-0.09618347026420752,0.4938585965657456,0.5061414034342545,0.72,1,0.3466064167592192
1771-030-012-G11,74.6566,3633342.0,318781.770921,62680.985662,2208,True,2,CD4+ T cell,030-012,-0.894261109434,-2.29720470219,0.3372554158859876,0.35317165968517605,0.6468283403148241,0.72,1,0.46514288394733105
1771-030-012-G12,70.2327,2330688.0,752817.37442,30728.954311299996,956,True,2,CD4+ T cell,030-012,1.02413295957,-1.5455491545700002,-0.22085615281309,0.4960982942041183,0.5039017057958817,0.72,1,0.3125110464165395
1771-030-012-G2,67.5343,3217955.0,834207.838534,125766.33759400001,1140,True,2,CD4+ T cell,030-012,0.906263072774,-1.7226144774599998,-0.16191047080690252,0.4879466748169906,0.5120533251830094,0.72,1,0.3286314572155514
1771-030-012-G4,76.4862,4690098.0,317081.06703000003,69654.4482291,2431,True,2,CD4+ T cell,030-012,-1.09230227567,-2.04392715644,0.4042097843994333,0.3869392527608143,0.6130607472391857,0.72,1,0.48345350295267026
1771-030-012-G5,71.0729,2360344.0,825572.1190109998,39313.9635355,772,True,2,CD4+ T cell,030-012,1.26579042646,-0.753699502623,-0.4933159542426837,0.5018320798683835,0.4981679201316164,0.72,1,0.23799899098216118
1771-030-012-G7,68.896,2692944.0,871678.443157,33300.0825996,690,True,2,CD4+ T cell,030-012,1.40558861093,-0.566644622898,-0.5835343336033791,0.5004209568693591,0.499579043130641,0.72,1,0.21332615172715266
1771-030-012-G9,70.0835,3898509.0,515175.60929799994,52342.9095522,1762,True,2,CD4+ T cell,030-012,-0.280323361921,-1.9958432276499998,0.19301145949198567,0.4672441333561157,0.5327558666438844,0.72,1,0.42569517966761816
1771-030-012-H1,71.2626,2738469.0,702924.5669890001,41423.0103926,1044,True,2,CD4+ T cell,030-012,0.7578656734379999,-1.8544359341099999,-0.10639262879969287,0.4800459999486318,0.5199540000513682,0.72,1,0.3438144254902576
1771-030-012-H2,69.2329,3063391.0,743500.74677,25307.8413105,988,True,2,CD4+ T cell,030-012,0.935222590945,-1.9292863285799997,-0.14034536675964482,0.4689363346492196,0.5310636653507803,0.72,1,0.3345290619990322
1771-030-012-H5,64.7783,1676811.0,461714.159708,21796.8921442,1895,True,2,CD4+ T cell,030-012,-0.41724454482600004,-1.6045368555300001,0.2463687784603104,0.5558630946708271,0.44413690532917305,0.72,1,0.44028729009248385
1771-030-012-H8,71.9783,2620915.0,700846.909545,19091.049963900005,1076,True,2,CD4+ T cell,030-012,0.5308764320139999,-1.94957940538,-0.03688406451018995,0.47423822979018504,0.525761770209815,0.72,1,0.36282356360284573
1771-030-012-H9,64.679,2465315.0,836304.8627739998,77901.4344335,704,True,2,CD4+ T cell,030-012,1.3676928804600001,-0.8996470667569999,-0.4597403877146871,0.5015004412930582,0.4984995587069418,0.72,1,0.24718120597772347
